insert_date,update_date,id,first_name,last_name,email,gender,salary,currency_code
13.09.2023,30.04.2023,1,Rory,Strotone,rstrotone0@guardian.co.uk,Male,3917,ILS
31.03.2023,19.11.2023,2,Krissy,Lumsden,klumsden1@deliciousdays.com,Female,5151,TZS
08.10.2023,20.12.2022,3,Nathaniel,Shepherdson,nshepherdson2@yelp.com,Male,3149,XOF
23.06.2023,08.12.2022,4,Celesta,Seale,cseale3@g.co,Female,1559,NIO
30.03.2023,23.01.2023,5,Charity,Dozdill,cdozdill4@about.com,Female,9597,CZK
25.10.2023,08.02.2023,6,Nydia,Hanalan,nhanalan5@homestead.com,Female,9150,BWP
16.03.2023,03.09.2023,7,Roseann,Vaz,rvaz6@bing.com,Female,8874,RSD
09.07.2023,24.02.2023,8,Jedd,Eastwood,jeastwood7@state.tx.us,Genderfluid,7878,CRC
18.12.2022,22.05.2023,9,Aeriel,Iacobini,aiacobini8@illinois.edu,Female,5944,MXN
30.04.2023,20.07.2023,10,Gaven,Rushmere,grushmere9@sohu.com,Male,7808,UAH
31.03.2023,13.09.2023,11,Charla,Lilie,cliliea@wix.com,Female,4242,CZK
26.03.2023,05.02.2023,12,Omar,Peperell,opeperellb@about.com,Male,9284,CNY
05.10.2023,19.10.2023,13,Peria,Pelos,ppelosc@state.gov,Female,6854,PLN
24.04.2023,26.04.2023,14,Brandy,Ruberry,bruberryd@people.com.cn,Male,9976,RUB
20.12.2022,15.05.2023,15,Felipe,Waliszek,fwaliszeke@earthlink.net,Male,6889,CNY
08.05.2023,04.05.2023,16,Giordano,Butterworth,gbutterworthf@elpais.com,Male,6451,IDR
13.11.2023,28.02.2023,17,Bone,Fairhead,bfairheadg@addthis.com,Male,1747,CNY
20.10.2023,29.11.2023,18,Moises,Gerlts,mgerltsh@homestead.com,Male,1122,HRK
08.10.2023,08.09.2023,19,Rosaline,Velasquez,rvelasquezi@jalbum.net,Female,2852,CZK
18.05.2023,09.06.2023,20,Dannie,Stollard,dstollardj@tamu.edu,Male,8340,BRL
08.08.2023,11.02.2023,21,Shep,Semor,ssemork@wikipedia.org,Male,4677,LKR
02.12.2022,28.12.2022,22,Ernesta,Sanper,esanperl@purevolume.com,Non-binary,4553,PHP
25.06.2023,30.01.2023,23,Dory,Boothman,dboothmanm@prlog.org,Female,4122,CNY
03.10.2023,15.03.2023,24,Elie,Fearnill,efearnilln@examiner.com,Female,3773,IDR
25.04.2023,22.09.2023,25,Mill,Coleshill,mcoleshillo@dropbox.com,Male,7890,RUB
27.06.2023,05.12.2022,26,Lorant,Kingdom,lkingdomp@psu.edu,Agender,4856,MXN
12.11.2023,21.06.2023,27,Cassie,Wimpenny,cwimpennyq@google.co.jp,Female,2695,LKR
20.02.2023,17.07.2023,28,Erv,Matthisson,ematthissonr@guardian.co.uk,Male,1165,CNY
29.05.2023,14.02.2023,29,Lavinie,Lehon,llehons@mozilla.com,Female,5452,CNY
27.12.2022,24.10.2023,30,Halsey,Ciepluch,hcieplucht@yale.edu,Male,1203,PEN
07.02.2023,28.06.2023,31,Allyn,Dwerryhouse,adwerryhouseu@de.vu,Female,8151,SEK
13.06.2023,14.11.2023,32,Aurie,Hitzschke,ahitzschkev@godaddy.com,Female,4912,EUR
25.07.2023,03.02.2023,33,Audi,Beedie,abeediew@sakura.ne.jp,Female,9346,CNY
31.10.2023,28.05.2023,34,Heddi,Rainsden,hrainsdenx@1688.com,Female,3019,CNY
09.03.2023,05.10.2023,35,Dougy,Yielding,dyieldingy@newyorker.com,Male,9689,CNY
15.10.2023,08.02.2023,36,Michail,Bust,mbustz@delicious.com,Male,1418,UAH
01.07.2023,04.04.2023,37,Olav,MacGhee,omacghee10@storify.com,Male,5609,IDR
24.08.2023,05.01.2023,38,Tarra,Inglesant,tinglesant11@nyu.edu,Female,4075,CNY
14.09.2023,02.07.2023,39,Jolene,Hebblewaite,jhebblewaite12@creativecommons.org,Female,2379,PLN
05.12.2022,04.03.2023,40,Dori,Savell,dsavell13@newyorker.com,Female,3779,XOF
25.10.2023,11.03.2023,41,Pierette,Stock,pstock14@hatena.ne.jp,Female,2070,TZS
31.12.2022,12.05.2023,42,Lindsey,Barthrup,lbarthrup15@cloudflare.com,Female,4641,PHP
26.05.2023,21.06.2023,43,Audi,Bentson,abentson16@sun.com,Polygender,9423,CNY
20.06.2023,31.07.2023,44,Thom,Bowe,tbowe17@hp.com,Genderqueer,4812,SEK
23.08.2023,13.02.2023,45,Anabal,Mellor,amellor18@mapquest.com,Non-binary,8175,IDR
22.02.2023,11.01.2023,46,Madelaine,Hasell,mhasell19@taobao.com,Polygender,3875,IDR
27.11.2023,10.06.2023,47,Jess,Morales,jmorales1a@aol.com,Male,9453,USD
11.03.2023,29.12.2022,48,Lisabeth,Spalls,lspalls1b@geocities.com,Bigender,6908,CAD
14.01.2023,15.01.2023,49,Baudoin,Stuckey,bstuckey1c@163.com,Male,6614,RUB
09.03.2023,01.05.2023,50,Herschel,Ker,hker1d@wix.com,Agender,5304,CNY
02.03.2023,21.03.2023,51,Jacki,Rizziello,jrizziello1e@scientificamerican.com,Female,4320,PHP
01.07.2023,19.11.2023,52,Noach,MacCard,nmaccard1f@java.com,Male,4771,CLP
18.12.2022,30.10.2023,53,Averyl,Thomazet,athomazet1g@npr.org,Female,8067,USD
15.03.2023,31.07.2023,54,Doralynne,Shutte,dshutte1h@bing.com,Female,2226,BYR
20.04.2023,12.12.2022,55,Carlotta,Philpott,cphilpott1i@japanpost.jp,Female,1913,CNY
08.07.2023,03.12.2022,56,Pall,Bortolini,pbortolini1j@discovery.com,Male,8539,KZT
29.11.2023,25.11.2023,57,Dorena,De Dantesie,ddedantesie1k@eventbrite.com,Female,8950,YER
12.11.2023,22.08.2023,58,Melly,Haldane,mhaldane1l@answers.com,Agender,2158,IDR
03.09.2023,19.09.2023,59,Sheila,Callear,scallear1m@delicious.com,Female,5848,SEK
27.07.2023,10.04.2023,60,Jannelle,Bourgourd,jbourgourd1n@facebook.com,Female,5744,CNY
30.03.2023,10.06.2023,61,Burnard,Blofield,bblofield1o@google.co.uk,Male,8599,BSD
13.03.2023,10.02.2023,62,Aymer,Dysert,adysert1p@odnoklassniki.ru,Male,5698,SBD
30.03.2023,13.01.2023,63,Isidor,Enrigo,ienrigo1q@hexun.com,Male,9794,ARS
03.02.2023,19.11.2023,64,Maure,Gowen,mgowen1r@hibu.com,Female,8908,USD
15.10.2023,14.07.2023,65,Kamila,Fenelow,kfenelow1s@epa.gov,Female,1406,TND
03.12.2022,25.01.2023,66,Annelise,Dunkersley,adunkersley1t@sphinn.com,Genderfluid,6356,SEK
06.07.2023,06.02.2023,67,Penni,Gemson,pgemson1u@typepad.com,Female,8010,CNY
11.06.2023,22.11.2023,68,Sanford,Diem,sdiem1v@google.nl,Male,4457,EUR
24.10.2023,22.10.2023,69,Gizela,Baudain,gbaudain1w@booking.com,Female,2848,RUB
17.11.2023,09.02.2023,70,Robinia,Brewster,rbrewster1x@unicef.org,Female,1386,PHP
24.05.2023,05.04.2023,71,Zachery,Herkess,zherkess1y@chronoengine.com,Male,7040,CZK
06.06.2023,19.05.2023,72,Andrew,Eddolls,aeddolls1z@google.ca,Non-binary,4342,CNY
18.08.2023,04.01.2023,73,Trisha,Rebillard,trebillard20@squarespace.com,Female,4519,RUB
02.02.2023,21.07.2023,74,Deloria,Wynrahame,dwynrahame21@japanpost.jp,Genderqueer,9569,PLN
27.06.2023,21.10.2023,75,Bradley,Lowdyane,blowdyane22@arizona.edu,Male,1537,ARS
10.07.2023,29.01.2023,76,Darn,Griffitt,dgriffitt23@sohu.com,Male,1907,CNY
26.09.2023,24.06.2023,77,Rheba,Vaar,rvaar24@sun.com,Female,8064,AZN
10.11.2023,06.08.2023,78,Conny,Bresland,cbresland25@twitter.com,Female,6563,UAH
23.11.2023,10.10.2023,79,Lurline,Coltherd,lcoltherd26@yahoo.com,Female,1999,CNY
03.01.2023,08.06.2023,80,Matilde,Fedder,mfedder27@soundcloud.com,Female,5207,USD
12.06.2023,01.07.2023,81,Delaney,Hassett,dhassett28@hatena.ne.jp,Male,8859,PEN
19.09.2023,18.06.2023,82,Wye,Halbert,whalbert29@fastcompany.com,Male,9318,BGN
28.02.2023,01.06.2023,83,Kirby,Ruckert,kruckert2a@w3.org,Female,5712,CVE
07.02.2023,11.04.2023,84,Constantine,Kaufman,ckaufman2b@miitbeian.gov.cn,Male,1517,CNY
10.03.2023,23.08.2023,85,Brianna,Bugge,bbugge2c@sun.com,Female,6753,TZS
12.12.2022,02.06.2023,86,Trevar,Brims,tbrims2d@lulu.com,Male,5811,IDR
25.05.2023,26.09.2023,87,Grayce,Klain,gklain2e@earthlink.net,Female,7867,CNY
30.05.2023,02.12.2022,88,Claudine,Kembley,ckembley2f@tinypic.com,Female,5230,PLN
25.12.2022,09.06.2023,89,Leif,Livezley,llivezley2g@blogspot.com,Male,5479,RUB
14.02.2023,06.09.2023,90,Gabrielle,Ricardo,gricardo2h@163.com,Female,7843,CNY
20.05.2023,13.09.2023,91,Erin,Sconce,esconce2i@bbb.org,Female,2314,CZK
05.06.2023,19.06.2023,92,Mattie,Bleier,mbleier2j@cafepress.com,Female,8420,CNY
09.06.2023,09.05.2023,93,Nike,Klesl,nklesl2k@nps.gov,Female,8003,EUR
29.01.2023,31.07.2023,94,Lindsy,Toffolini,ltoffolini2l@livejournal.com,Female,8165,RUB
01.01.2023,18.05.2023,95,Hillard,Zielinski,hzielinski2m@tripod.com,Male,6925,YER
06.05.2023,24.12.2022,96,Reid,Erdes,rerdes2n@zdnet.com,Male,9169,CNY
14.10.2023,17.05.2023,97,Martelle,Berard,mberard2o@123-reg.co.uk,Female,1054,CNY
22.03.2023,21.02.2023,98,Matthieu,Martine,mmartine2p@hc360.com,Male,1673,IDR
01.07.2023,05.10.2023,99,Deeanne,Fetherston,dfetherston2q@wikispaces.com,Female,4861,BRL
29.11.2023,02.05.2023,100,Deb,Rontsch,drontsch2r@tuttocitta.it,Bigender,2802,CNY
01.12.2022,03.04.2023,101,Barry,Older,bolder2s@netvibes.com,Genderfluid,6467,XOF
22.11.2023,12.04.2023,102,Northrop,Smurfit,nsmurfit2t@addtoany.com,Male,7885,PHP
16.03.2023,23.08.2023,103,Mattias,Gleasane,mgleasane2u@google.com,Male,7837,CZK
28.05.2023,12.10.2023,104,Leola,Swinley,lswinley2v@jiathis.com,Female,1706,PHP
21.09.2023,03.03.2023,105,Donnie,Ravillas,dravillas2w@webmd.com,Male,9726,CNY
13.12.2022,27.11.2023,106,Millisent,Jarrette,mjarrette2x@cnet.com,Female,5365,RUB
16.12.2022,07.10.2023,107,Donovan,Sobczak,dsobczak2y@ezinearticles.com,Male,6033,UGX
26.09.2023,31.03.2023,108,Malachi,Dougal,mdougal2z@techcrunch.com,Male,2695,CNY
21.05.2023,03.08.2023,109,Rancell,Mockes,rmockes30@squidoo.com,Male,6655,PKR
13.07.2023,26.01.2023,110,Krishna,Attwoull,kattwoull31@so-net.ne.jp,Male,1664,THB
28.08.2023,09.04.2023,111,Rudd,Tock,rtock32@google.com.au,Male,9144,SEK
10.06.2023,29.01.2023,112,Jacquelyn,Spinola,jspinola33@digg.com,Female,5813,CNY
19.07.2023,15.03.2023,113,Burton,Clover,bclover34@drupal.org,Male,7410,CNY
10.10.2023,27.04.2023,114,Sunny,Leisman,sleisman35@mediafire.com,Male,3581,USD
07.11.2023,20.12.2022,115,Noah,Virgoe,nvirgoe36@walmart.com,Male,1132,PEN
15.11.2023,12.08.2023,116,Konstantine,Scrinage,kscrinage37@rakuten.co.jp,Male,2131,CNY
29.03.2023,22.09.2023,117,De,Askem,daskem38@craigslist.org,Female,7817,BRL
03.05.2023,28.01.2023,118,Timothee,Tomaskov,ttomaskov39@google.de,Male,2768,PHP
15.06.2023,13.10.2023,119,Timi,Goard,tgoard3a@sakura.ne.jp,Female,3723,TWD
04.12.2022,11.08.2023,120,Waverly,Ackerman,wackerman3b@wufoo.com,Male,9393,RUB
02.09.2023,04.08.2023,121,Jaquith,Fanton,jfanton3c@shinystat.com,Female,6081,PHP
05.03.2023,25.03.2023,122,Ruben,Odeson,rodeson3d@sun.com,Male,3632,NGN
07.03.2023,03.12.2022,123,Grace,Rameau,grameau3e@naver.com,Male,2489,PAB
01.07.2023,29.10.2023,124,Klemens,Dungee,kdungee3f@xrea.com,Polygender,2644,EUR
19.09.2023,19.09.2023,125,Clevey,Boyde,cboyde3g@patch.com,Male,5300,BWP
10.09.2023,20.06.2023,126,Alyce,Castellaccio,acastellaccio3h@geocities.com,Female,1772,CNY
10.12.2022,08.01.2023,127,Irma,Chazelas,ichazelas3i@wordpress.com,Female,5981,PLN
28.09.2023,17.07.2023,128,Odette,Ladon,oladon3j@bbc.co.uk,Female,7786,CNY
12.08.2023,25.02.2023,129,Bertrando,Windows,bwindows3k@mediafire.com,Non-binary,2755,CNY
14.09.2023,16.03.2023,130,Rosie,Roddie,rroddie3l@google.com.au,Female,1706,UAH
30.08.2023,20.01.2023,131,Maury,Shewon,mshewon3m@wikia.com,Male,3866,EUR
30.04.2023,23.12.2022,132,Stearne,Gogarty,sgogarty3n@desdev.cn,Male,4981,RUB
30.08.2023,27.04.2023,133,Lionello,Lacroux,llacroux3o@constantcontact.com,Male,4260,RUB
13.03.2023,17.12.2022,134,Gill,Struan,gstruan3p@digg.com,Male,4417,CNY
16.11.2023,23.04.2023,135,Jess,Searby,jsearby3q@businessweek.com,Female,3934,RUB
30.06.2023,21.12.2022,136,Cal,June,cjune3r@ihg.com,Male,8361,PHP
30.03.2023,18.07.2023,137,Denice,Claughton,dclaughton3s@miitbeian.gov.cn,Female,3797,IRR
07.07.2023,27.07.2023,138,Trip,Obern,tobern3t@plala.or.jp,Male,2758,IDR
27.05.2023,23.08.2023,139,Clerkclaude,Bradder,cbradder3u@github.io,Male,8426,EGP
19.01.2023,29.07.2023,140,Richart,Havesides,rhavesides3v@kickstarter.com,Male,2953,CZK
19.01.2023,20.06.2023,141,Shem,Holbie,sholbie3w@uiuc.edu,Bigender,5314,CNY
05.05.2023,08.04.2023,142,Claudine,Quest,cquest3x@wordpress.org,Female,6978,CNY
05.04.2023,30.07.2023,143,Cob,O'Fogarty,cofogarty3y@narod.ru,Male,1897,CAD
15.09.2023,13.05.2023,144,Ethelred,Loosemore,eloosemore3z@usa.gov,Male,3514,EGP
02.10.2023,23.06.2023,145,Buddie,Cockerham,bcockerham40@nih.gov,Male,6772,NGN
05.02.2023,10.07.2023,146,Carri,Clemencet,cclemencet41@constantcontact.com,Genderqueer,8400,USD
24.06.2023,29.10.2023,147,Yank,Cartwright,ycartwright42@over-blog.com,Genderfluid,5500,VND
02.11.2023,20.11.2023,148,Dael,Nelm,dnelm43@slideshare.net,Female,8539,CZK
29.07.2023,15.11.2023,149,Darci,MacAlinden,dmacalinden44@go.com,Female,6807,IDR
16.08.2023,20.06.2023,150,Fifi,Thwaites,fthwaites45@cocolog-nifty.com,Female,5040,RUB
22.05.2023,30.09.2023,151,Galvin,Dayne,gdayne46@elpais.com,Male,3662,MYR
04.03.2023,25.01.2023,152,Shepard,Drain,sdrain47@miitbeian.gov.cn,Male,4801,CNY
13.02.2023,05.07.2023,153,Jessamyn,Rosenwald,jrosenwald48@booking.com,Female,2566,PHP
06.12.2022,27.02.2023,154,Bax,Devericks,bdevericks49@yelp.com,Male,9014,CNY
17.05.2023,26.04.2023,155,Peyton,Borkin,pborkin4a@booking.com,Male,1075,SEK
26.03.2023,29.07.2023,156,Heinrik,Chattington,hchattington4b@1und1.de,Male,3085,HRK
18.05.2023,19.04.2023,157,Donna,Pollett,dpollett4c@timesonline.co.uk,Female,5480,CZK
15.06.2023,26.01.2023,158,Moises,Ricardot,mricardot4d@mayoclinic.com,Male,2686,EUR
18.02.2023,29.01.2023,159,Jerald,Trevaskus,jtrevaskus4e@discovery.com,Male,2323,EUR
02.07.2023,12.12.2022,160,Neils,Skiggs,nskiggs4f@yale.edu,Male,3242,RUB
19.11.2023,05.07.2023,161,Skipper,Lovie,slovie4g@mediafire.com,Male,4796,EUR
01.01.2023,25.02.2023,162,Philippine,Shill,pshill4h@columbia.edu,Female,1115,CAD
09.12.2022,16.01.2023,163,Beth,Eicke,beicke4i@multiply.com,Female,6022,CNY
04.02.2023,24.12.2022,164,Cobbie,Houseago,chouseago4j@dyndns.org,Male,6730,BRL
28.08.2023,24.01.2023,165,Katy,Mitchely,kmitchely4k@over-blog.com,Female,6671,PLN
05.01.2023,01.05.2023,166,Stanislas,Madoc-Jones,smadocjones4l@pinterest.com,Male,9924,IDR
25.09.2023,08.04.2023,167,Loni,Jachimczak,ljachimczak4m@apple.com,Bigender,7167,EUR
05.11.2023,24.02.2023,168,Ives,Dumpleton,idumpleton4n@msn.com,Male,9337,EUR
16.08.2023,09.04.2023,169,Fanny,Barron,fbarron4o@360.cn,Female,8891,EUR
21.08.2023,31.05.2023,170,Rossie,O'Scanlan,roscanlan4p@so-net.ne.jp,Male,5099,BOB
10.06.2023,09.03.2023,171,Amelina,Mollatt,amollatt4q@mashable.com,Female,1287,EUR
04.02.2023,02.05.2023,172,Farleigh,Waryk,fwaryk4r@tumblr.com,Polygender,5294,EUR
28.04.2023,16.02.2023,173,Luciano,Maloney,lmaloney4s@exblog.jp,Male,8899,MWK
28.05.2023,15.10.2023,174,Shirley,Hullock,shullock4t@printfriendly.com,Female,3187,VND
26.03.2023,04.01.2023,175,Erminie,Burberry,eburberry4u@studiopress.com,Female,5114,PHP
07.02.2023,11.05.2023,176,Donica,Cunrado,dcunrado4v@exblog.jp,Female,3910,IDR
10.07.2023,25.11.2023,177,Torry,Giocannoni,tgiocannoni4w@oaic.gov.au,Male,3468,IDR
31.07.2023,02.11.2023,178,Lise,Beirne,lbeirne4x@boston.com,Female,9519,MXN
24.07.2023,19.11.2023,179,Mic,Minards,mminards4y@wordpress.com,Male,8845,IDR
22.02.2023,18.07.2023,180,Shaun,Yokelman,syokelman4z@blogger.com,Female,4189,USD
21.06.2023,03.11.2023,181,Imojean,Lang,ilang50@sakura.ne.jp,Female,3973,ARS
25.05.2023,07.08.2023,182,Irvine,Butteris,ibutteris51@mysql.com,Male,6415,IDR
03.09.2023,22.08.2023,183,Matty,Keech,mkeech52@comsenz.com,Male,8103,USD
11.08.2023,24.05.2023,184,Huntlee,Gilchrest,hgilchrest53@techcrunch.com,Male,1327,SYP
11.12.2022,16.05.2023,185,Hugues,Beades,hbeades54@accuweather.com,Male,3613,EUR
06.01.2023,11.02.2023,186,Pansy,Wilcox,pwilcox55@tinyurl.com,Female,5527,IDR
19.01.2023,29.04.2023,187,Millie,Meanwell,mmeanwell56@yolasite.com,Female,5748,PHP
15.05.2023,05.05.2023,188,Stanleigh,Deathridge,sdeathridge57@mapy.cz,Male,2450,CNY
27.12.2022,24.03.2023,189,Trefor,Desantis,tdesantis58@ihg.com,Male,6596,NOK
30.12.2022,15.07.2023,190,Ephrayim,Althorpe,ealthorpe59@sakura.ne.jp,Agender,4807,EUR
13.12.2022,16.11.2023,191,Esta,Stringer,estringer5a@google.it,Female,1401,BRL
24.04.2023,23.07.2023,192,Giselle,Pancoust,gpancoust5b@wufoo.com,Female,9563,EUR
03.03.2023,04.03.2023,193,Elihu,Milington,emilington5c@booking.com,Male,8166,EUR
12.03.2023,06.11.2023,194,Cinda,Flook,cflook5d@parallels.com,Female,1627,CNY
18.09.2023,05.02.2023,195,Kate,Pickrell,kpickrell5e@nymag.com,Female,1119,PLN
15.09.2023,05.04.2023,196,Sayer,MacMeanma,smacmeanma5f@bandcamp.com,Male,5882,RUB
15.05.2023,03.08.2023,197,Dmitri,Neeve,dneeve5g@usnews.com,Male,4395,CNY
29.05.2023,20.12.2022,198,Krishnah,Nussen,knussen5h@cloudflare.com,Male,5490,EUR
11.03.2023,24.08.2023,199,Deni,Fennelly,dfennelly5i@gravatar.com,Female,5996,SEK
30.09.2023,06.02.2023,200,Bliss,Impy,bimpy5j@abc.net.au,Agender,8747,IDR
04.04.2023,28.11.2023,201,Irvine,Crosser,icrosser5k@pagesperso-orange.fr,Male,1067,EUR
09.07.2023,06.03.2023,202,Isidro,Fazan,ifazan5l@simplemachines.org,Male,7539,IDR
07.03.2023,01.02.2023,203,Drucill,McGahey,dmcgahey5m@soundcloud.com,Female,4964,IDR
06.01.2023,01.02.2023,204,Milicent,Wabersich,mwabersich5n@wikispaces.com,Genderfluid,2641,MMK
31.10.2023,15.04.2023,205,Janie,Parr,jparr5o@bing.com,Female,2723,IDR
20.01.2023,11.10.2023,206,Malvin,Tabard,mtabard5p@who.int,Male,4880,CNY
21.02.2023,27.09.2023,207,Mora,Stickins,mstickins5q@w3.org,Female,7437,IDR
05.04.2023,05.06.2023,208,Carmita,Chesterman,cchesterman5r@about.me,Female,2314,MXN
15.08.2023,20.07.2023,209,Miguelita,Hollows,mhollows5s@biglobe.ne.jp,Female,9626,CNY
15.08.2023,18.09.2023,210,Oona,Pinniger,opinniger5t@angelfire.com,Female,7514,PLN
07.03.2023,25.09.2023,211,Elmore,Ferreira,eferreira5u@reverbnation.com,Male,7524,EUR
16.07.2023,18.12.2022,212,Hall,Dowsett,hdowsett5v@ibm.com,Male,9830,PHP
05.01.2023,03.05.2023,213,Evangelin,Fosten,efosten5w@indiatimes.com,Female,2812,UAH
18.10.2023,10.12.2022,214,Rafi,Benfield,rbenfield5x@toplist.cz,Male,7953,CNY
10.06.2023,21.02.2023,215,Elsey,Leindecker,eleindecker5y@ovh.net,Female,4185,CNY
10.07.2023,11.05.2023,216,Stevana,Carrell,scarrell5z@unesco.org,Female,5703,JMD
09.06.2023,02.12.2022,217,Hesther,Chippendale,hchippendale60@4shared.com,Female,6270,COP
27.02.2023,10.03.2023,218,Alexio,Igoe,aigoe61@t.co,Male,7257,THB
02.03.2023,06.01.2023,219,Ryon,Heathorn,rheathorn62@jigsy.com,Male,5173,BRL
08.05.2023,05.06.2023,220,Sallie,Meekin,smeekin63@imgur.com,Female,7645,EUR
21.09.2023,13.11.2023,221,Salem,Lumsdon,slumsdon64@typepad.com,Male,1476,LRD
14.11.2023,20.03.2023,222,Mavis,Edowes,medowes65@army.mil,Female,8440,EUR
30.10.2023,02.12.2022,223,Marget,Red,mred66@earthlink.net,Female,1678,GTQ
12.06.2023,01.11.2023,224,Prince,Jacobson,pjacobson67@mozilla.org,Male,3691,BRL
27.09.2023,24.11.2023,225,Foss,Beasleigh,fbeasleigh68@github.io,Male,2623,KMF
24.10.2023,14.07.2023,226,Emmey,Camillo,ecamillo69@archive.org,Female,6527,EUR
28.06.2023,26.10.2023,227,Nahum,Waterhowse,nwaterhowse6a@geocities.com,Male,5418,CNY
29.08.2023,29.03.2023,228,Ray,Tuxsell,rtuxsell6b@shop-pro.jp,Female,3372,IDR
17.06.2023,25.06.2023,229,Fin,Tackes,ftackes6c@cbc.ca,Male,9657,RUB
28.06.2023,16.11.2023,230,Aldrich,Botte,abotte6d@photobucket.com,Male,6879,COP
02.02.2023,19.11.2023,231,Tobias,Caistor,tcaistor6e@behance.net,Genderfluid,4755,IDR
17.05.2023,19.07.2023,232,Alon,Stutter,astutter6f@jimdo.com,Male,4322,EUR
05.11.2023,02.01.2023,233,Mag,Ballston,mballston6g@google.co.jp,Female,6265,COP
16.11.2023,20.03.2023,234,Rhodia,Oldfield-Cherry,roldfieldcherry6h@ucoz.ru,Female,6825,VND
25.10.2023,14.03.2023,235,Fletch,Organ,forgan6i@si.edu,Male,3628,BDT
11.09.2023,13.11.2023,236,Ethelind,Brimelow,ebrimelow6j@house.gov,Female,1034,IDR
29.09.2023,19.11.2023,237,Henka,Sink,hsink6k@delicious.com,Female,5062,RSD
16.09.2023,21.01.2023,238,Celesta,Bedburrow,cbedburrow6l@google.co.uk,Female,2050,SEK
31.01.2023,07.05.2023,239,Bobbe,Scroggs,bscroggs6m@columbia.edu,Female,5501,CNY
17.02.2023,26.12.2022,240,Ber,Betjes,bbetjes6n@squidoo.com,Male,3827,RUB
21.07.2023,13.02.2023,241,Emilie,Swigger,eswigger6o@infoseek.co.jp,Female,1810,ALL
19.06.2023,18.08.2023,242,Barclay,Cusack,bcusack6p@buzzfeed.com,Genderfluid,9658,EUR
07.12.2022,23.01.2023,243,Glennie,Robart,grobart6q@tamu.edu,Female,7264,PHP
27.12.2022,20.05.2023,244,Yolanda,Bayns,ybayns6r@eepurl.com,Female,4028,PHP
07.08.2023,24.06.2023,245,Zonda,Matthewson,zmatthewson6s@github.com,Female,1143,IDR
10.09.2023,12.10.2023,246,Melony,Raatz,mraatz6t@reference.com,Female,1788,BRL
04.11.2023,16.05.2023,247,Richy,Fairfoul,rfairfoul6u@seesaa.net,Male,3792,RUB
11.06.2023,28.05.2023,248,Harland,Clipston,hclipston6v@nyu.edu,Male,6925,JPY
01.12.2022,07.02.2023,249,Marlon,Leverton,mleverton6w@last.fm,Male,6064,CAD
12.08.2023,15.06.2023,250,Thelma,Wallage,twallage6x@omniture.com,Female,1038,IDR
20.02.2023,27.07.2023,251,Jory,Altimas,jaltimas6y@tinypic.com,Male,1631,PLN
24.03.2023,20.02.2023,252,Hettie,Oels,hoels6z@tripadvisor.com,Female,9063,IDR
29.09.2023,25.09.2023,253,Abigael,Romanin,aromanin70@intel.com,Female,1386,PEN
12.05.2023,21.02.2023,254,Hardy,Giannotti,hgiannotti71@nymag.com,Male,9224,XCD
08.12.2022,10.07.2023,255,Maurita,Simmen,msimmen72@about.com,Female,5210,EUR
25.04.2023,01.07.2023,256,Port,Pounsett,ppounsett73@cdc.gov,Male,9939,CZK
04.12.2022,23.01.2023,257,Annmarie,Wagstaffe,awagstaffe74@microsoft.com,Female,7046,PLN
02.06.2023,02.09.2023,258,Hedwig,Jordanson,hjordanson75@oaic.gov.au,Bigender,7059,BOB
05.04.2023,09.02.2023,259,Say,Titcombe,stitcombe76@yelp.com,Male,7866,CNY
02.07.2023,09.02.2023,260,Saloma,Wombwell,swombwell77@dot.gov,Female,8139,PLN
22.09.2023,03.10.2023,261,Nikolaus,Waterdrinker,nwaterdrinker78@freewebs.com,Male,4490,VND
21.02.2023,21.02.2023,262,Tanny,Duligal,tduligal79@berkeley.edu,Male,5417,RUB
09.03.2023,22.03.2023,263,Ivar,Robjant,irobjant7a@disqus.com,Male,7864,EUR
24.03.2023,04.11.2023,264,Bailey,Escolme,bescolme7b@techcrunch.com,Male,4828,RUB
28.11.2023,31.03.2023,265,Forester,Palumbo,fpalumbo7c@auda.org.au,Male,2459,CNY
05.04.2023,17.03.2023,266,Michel,Wormald,mwormald7d@dell.com,Female,1868,EUR
18.07.2023,23.09.2023,267,Shawnee,Godlee,sgodlee7e@wiley.com,Female,2861,COP
26.10.2023,21.02.2023,268,Annadiana,Trathen,atrathen7f@clickbank.net,Female,6714,PHP
18.12.2022,30.07.2023,269,Tiphany,Malbon,tmalbon7g@networkadvertising.org,Female,1135,CZK
20.03.2023,14.10.2023,270,Pembroke,Copnell,pcopnell7h@opera.com,Male,6782,RUB
16.10.2023,04.05.2023,271,Georgina,Bernard,gbernard7i@pbs.org,Genderqueer,4941,COP
08.05.2023,13.04.2023,272,Vivianna,Sully,vsully7j@uol.com.br,Female,4643,CNY
14.11.2023,17.06.2023,273,Eddie,Ferrieri,eferrieri7k@businessinsider.com,Female,1599,CNY
03.04.2023,30.09.2023,274,Abraham,Deverock,adeverock7l@biglobe.ne.jp,Male,3714,JPY
11.07.2023,12.03.2023,275,Priscilla,Solomonides,psolomonides7m@booking.com,Female,2732,CNY
17.07.2023,14.07.2023,276,Alvira,Croxall,acroxall7n@va.gov,Female,4434,IDR
30.08.2023,14.06.2023,277,Toby,Seamer,tseamer7o@pen.io,Female,2113,PHP
02.06.2023,01.08.2023,278,Milissent,Trinke,mtrinke7p@altervista.org,Female,1489,CNY
06.09.2023,30.03.2023,279,Margaretta,McCallion,mmccallion7q@chronoengine.com,Female,8932,XOF
12.03.2023,13.11.2023,280,Marsiella,Grelik,mgrelik7r@surveymonkey.com,Female,6363,SAR
05.09.2023,28.10.2023,281,Kelbee,Rohmer,krohmer7s@foxnews.com,Male,1005,NGN
30.10.2023,08.03.2023,282,Gregg,Maclean,gmaclean7t@twitpic.com,Male,3635,IDR
29.12.2022,24.05.2023,283,Aharon,Paterson,apaterson7u@mozilla.com,Male,9267,CNY
07.05.2023,03.11.2023,284,Willi,De Cristoforo,wdecristoforo7v@storify.com,Bigender,4913,KES
18.12.2022,10.02.2023,285,Jesselyn,Enrrico,jenrrico7w@opensource.org,Female,7388,PHP
15.08.2023,18.05.2023,286,Wanids,Adamkiewicz,wadamkiewicz7x@howstuffworks.com,Female,5255,CNY
26.03.2023,19.03.2023,287,Camey,Stuehmeyer,cstuehmeyer7y@furl.net,Male,1654,CNY
06.12.2022,23.06.2023,288,Nickolas,Lean,nlean7z@google.es,Male,7939,CNY
15.09.2023,15.01.2023,289,Zacharias,Chumley,zchumley80@addtoany.com,Male,2636,CNY
23.05.2023,28.10.2023,290,Emeline,Attride,eattride81@marriott.com,Female,8092,EUR
03.02.2023,05.08.2023,291,Kellia,Lovewell,klovewell82@hhs.gov,Female,2111,THB
09.12.2022,21.12.2022,292,Vivi,Upcott,vupcott83@symantec.com,Female,2816,CNY
04.08.2023,06.07.2023,293,Etienne,Boissier,eboissier84@narod.ru,Agender,5114,CNY
20.06.2023,29.09.2023,294,Angeline,Gourdon,agourdon85@msn.com,Female,5321,IDR
08.11.2023,27.08.2023,295,Dionisio,MacVagh,dmacvagh86@dion.ne.jp,Male,2870,CUP
17.09.2023,30.11.2022,296,Deborah,Restall,drestall87@360.cn,Female,6002,ARS
24.04.2023,19.02.2023,297,Renelle,Doodson,rdoodson88@sohu.com,Female,6706,CNY
27.02.2023,23.08.2023,298,Benedetta,Trimnell,btrimnell89@joomla.org,Female,3504,THB
10.12.2022,28.02.2023,299,Anna-diana,Heed,aheed8a@un.org,Female,6527,BRL
24.07.2023,09.11.2023,300,Claiborn,Widdop,cwiddop8b@slashdot.org,Male,1317,BRL
04.02.2023,06.11.2023,301,Janith,Vere,jvere8c@google.nl,Female,5364,USD
14.05.2023,13.12.2022,302,Bibby,Havile,bhavile8d@shutterfly.com,Female,7442,RUB
11.03.2023,12.07.2023,303,Anestassia,Bangle,abangle8e@a8.net,Female,5720,CNY
16.02.2023,20.09.2023,304,Eamon,South,esouth8f@themeforest.net,Agender,4902,CNY
25.02.2023,12.07.2023,305,Cindra,Greenside,cgreenside8g@mapy.cz,Female,1466,ILS
08.10.2023,26.05.2023,306,Ced,Momery,cmomery8h@t.co,Male,7847,CZK
19.03.2023,14.09.2023,307,Carita,O'Lochan,colochan8i@wikimedia.org,Female,5176,CNY
25.08.2023,30.04.2023,308,Elli,Calltone,ecalltone8j@mail.ru,Bigender,7386,IDR
07.07.2023,12.08.2023,309,Vanessa,Brearton,vbrearton8k@facebook.com,Female,4236,IDR
11.07.2023,08.10.2023,310,Robinett,Suermeiers,rsuermeiers8l@techcrunch.com,Female,7295,PHP
03.12.2022,09.10.2023,311,Enoch,McGrale,emcgrale8m@eventbrite.com,Male,1084,ZMW
26.12.2022,30.01.2023,312,Nelia,Bier,nbier8n@ow.ly,Non-binary,7281,CNY
06.10.2023,29.05.2023,313,Gretal,Woolam,gwoolam8o@wikispaces.com,Female,7810,IDR
13.03.2023,02.01.2023,314,Val,Woolham,vwoolham8p@delicious.com,Male,8119,MYR
05.04.2023,08.08.2023,315,Ashlen,Silmon,asilmon8q@bizjournals.com,Female,8164,IDR
06.10.2023,26.06.2023,316,Stanfield,Petett,spetett8r@elegantthemes.com,Male,1672,CNY
16.08.2023,06.02.2023,317,Ann,Wroath,awroath8s@addthis.com,Female,9246,COP
06.11.2023,11.07.2023,318,Maisey,Blinerman,mblinerman8t@yale.edu,Female,3478,EUR
07.04.2023,28.01.2023,319,Alla,Norheny,anorheny8u@walmart.com,Female,4435,EGP
01.04.2023,22.06.2023,320,Mira,Rikel,mrikel8v@dmoz.org,Female,9163,CNY
25.05.2023,24.02.2023,321,Web,Polgreen,wpolgreen8w@reverbnation.com,Male,2403,JPY
01.12.2022,28.01.2023,322,Nichole,Matteoli,nmatteoli8x@thetimes.co.uk,Agender,5917,VND
16.11.2023,12.11.2023,323,Wileen,Dietsche,wdietsche8y@mozilla.org,Female,5369,EUR
02.01.2023,23.07.2023,324,Yehudi,Threadgold,ythreadgold8z@rambler.ru,Male,2711,AFN
28.08.2023,30.07.2023,325,Pepito,Spring,pspring90@jalbum.net,Male,3000,CZK
13.06.2023,25.05.2023,326,Serge,Hempshall,shempshall91@paginegialle.it,Male,6367,CAD
27.02.2023,09.07.2023,327,Stinky,Halkyard,shalkyard92@istockphoto.com,Male,1063,BOB
01.09.2023,30.07.2023,328,Munroe,Patching,mpatching93@auda.org.au,Non-binary,2317,EUR
28.08.2023,23.03.2023,329,Wenonah,Retchford,wretchford94@tuttocitta.it,Female,5085,IDR
08.09.2023,22.08.2023,330,Vernice,Vlasyev,vvlasyev95@storify.com,Female,1527,JPY
23.02.2023,27.02.2023,331,Scott,Jenoure,sjenoure96@meetup.com,Male,2530,EUR
15.10.2023,02.09.2023,332,Carver,Brodeur,cbrodeur97@yale.edu,Male,6786,IDR
29.07.2023,14.08.2023,333,Levi,Betton,lbetton98@gravatar.com,Male,9448,CNY
23.05.2023,29.09.2023,334,Analiese,Coning,aconing99@go.com,Female,2653,KZT
08.10.2023,13.12.2022,335,Seana,Gidley,sgidley9a@seattletimes.com,Female,5665,CZK
13.04.2023,25.05.2023,336,Maure,Leehane,mleehane9b@networkadvertising.org,Bigender,9194,EUR
21.12.2022,11.08.2023,337,Ford,Kollach,fkollach9c@sogou.com,Male,2699,IDR
26.01.2023,23.03.2023,338,Buddie,Fibbens,bfibbens9d@pinterest.com,Male,1727,TND
17.01.2023,05.08.2023,339,Jase,Dundredge,jdundredge9e@people.com.cn,Male,9650,CNY
25.01.2023,18.04.2023,340,Hadlee,Verillo,hverillo9f@e-recht24.de,Male,5441,COP
27.03.2023,26.02.2023,341,Mehetabel,Paschek,mpaschek9g@twitpic.com,Female,3478,EUR
29.07.2023,31.03.2023,342,Quentin,Brassill,qbrassill9h@mediafire.com,Female,3818,USD
03.05.2023,05.09.2023,343,Stewart,Hise,shise9i@csmonitor.com,Male,9552,CNY
22.08.2023,07.04.2023,344,Angie,Titterrell,atitterrell9j@tuttocitta.it,Male,3573,PLN
06.12.2022,26.08.2023,345,Hervey,Greggersen,hgreggersen9k@xinhuanet.com,Polygender,7032,CNY
17.09.2023,02.02.2023,346,Berna,Stockman,bstockman9l@github.io,Female,4510,CNY
28.05.2023,04.02.2023,347,Sashenka,Linnane,slinnane9m@amazon.co.uk,Female,9996,THB
07.08.2023,29.08.2023,348,Clarisse,Holbie,cholbie9n@go.com,Female,7752,IDR
04.10.2023,27.11.2023,349,George,Lehrian,glehrian9o@xing.com,Bigender,2621,XOF
26.03.2023,13.05.2023,350,Cosimo,Engley,cengley9p@live.com,Male,3163,IDR
08.03.2023,21.12.2022,351,Luis,McBeth,lmcbeth9q@webnode.com,Male,8234,DJF
12.02.2023,10.08.2023,352,Ricoriki,Emmines,remmines9r@marriott.com,Genderfluid,3267,EUR
21.03.2023,04.04.2023,353,Jonie,Peppard,jpeppard9s@businessinsider.com,Female,6625,EUR
06.01.2023,07.07.2023,354,Udell,Roddan,uroddan9t@guardian.co.uk,Male,8226,CNY
17.12.2022,24.04.2023,355,Staffard,Zmitrichenko,szmitrichenko9u@people.com.cn,Male,9456,RUB
23.06.2023,02.12.2022,356,Fritz,Tice,ftice9v@accuweather.com,Male,9379,RUB
25.01.2023,23.11.2023,357,Elladine,Risby,erisby9w@dell.com,Female,4223,RUB
07.10.2023,09.11.2023,358,Dalis,Le Friec,dlefriec9x@sina.com.cn,Male,8368,USD
21.09.2023,04.02.2023,359,Elga,Dionis,edionis9y@dedecms.com,Female,8967,MXN
04.03.2023,14.05.2023,360,Barnard,Soles,bsoles9z@nps.gov,Genderfluid,7539,IDR
27.10.2023,28.01.2023,361,Kat,Gwinn,kgwinna0@ycombinator.com,Female,8413,EUR
03.09.2023,30.08.2023,362,Zebadiah,Tremblot,ztremblota1@mysql.com,Male,6095,MXN
09.12.2022,21.01.2023,363,Darrick,Musico,dmusicoa2@51.la,Male,5745,THB
25.10.2023,19.08.2023,364,Shellie,Ramme,srammea3@apache.org,Female,4911,PHP
02.07.2023,17.08.2023,365,Louis,Picker,lpickera4@technorati.com,Male,1412,NIO
26.04.2023,25.03.2023,366,Corrina,Renyard,crenyarda5@google.de,Female,8502,SEK
28.08.2023,06.07.2023,367,Aubree,Layson,alaysona6@xrea.com,Genderfluid,8842,PLN
04.09.2023,06.06.2023,368,Jessie,Joscelin,jjoscelina7@tuttocitta.it,Female,5126,CNY
15.02.2023,24.04.2023,369,Kathi,Jime,kjimea8@drupal.org,Female,7955,PHP
08.08.2023,14.04.2023,370,Arley,Kinmond,akinmonda9@stanford.edu,Male,8572,EUR
25.08.2023,23.03.2023,371,Ros,Slite,rsliteaa@netvibes.com,Female,5507,RUB
03.06.2023,08.01.2023,372,Renaldo,Donwell,rdonwellab@newsvine.com,Male,2389,SCR
15.08.2023,11.03.2023,373,Jayson,McClaurie,jmcclaurieac@narod.ru,Male,1955,CNY
07.04.2023,20.09.2023,374,Sinclare,Scrannage,sscrannagead@themeforest.net,Genderqueer,6048,TJS
20.04.2023,22.07.2023,375,Rayna,Bassingden,rbassingdenae@addtoany.com,Female,1825,RUB
08.09.2023,06.08.2023,376,Aubrey,Bourke,abourkeaf@wufoo.com,Male,8204,IDR
13.08.2023,26.10.2023,377,Twyla,Draper,tdraperag@arizona.edu,Female,3012,CNY
28.11.2023,12.03.2023,378,Cathe,De Blase,cdeblaseah@163.com,Female,9155,MWK
23.06.2023,25.04.2023,379,Alfie,Cousin,acousinai@marriott.com,Male,8947,LTL
05.10.2023,26.06.2023,380,Peadar,Sixsmith,psixsmithaj@so-net.ne.jp,Male,5373,RUB
01.09.2023,03.11.2023,381,Wilton,Pyer,wpyerak@tripadvisor.com,Male,9496,CAD
13.11.2023,08.11.2023,382,Upton,McGarry,umcgarryal@booking.com,Male,3625,SEK
24.10.2023,27.09.2023,383,Jock,Peatt,jpeattam@yellowbook.com,Male,5054,CNY
01.12.2022,04.11.2023,384,Consalve,Gifkins,cgifkinsan@nbcnews.com,Male,2865,XOF
07.03.2023,24.03.2023,385,Daphna,Pickup,dpickupao@hostgator.com,Female,1996,PLN
29.11.2023,20.04.2023,386,Lita,Pinard,lpinardap@nytimes.com,Female,7052,CAD
20.08.2023,16.10.2023,387,Teodoro,Betts,tbettsaq@accuweather.com,Male,9035,COP
23.02.2023,22.04.2023,388,Sofia,Lighton,slightonar@digg.com,Female,6359,EUR
10.03.2023,06.11.2023,389,Kaitlyn,Lyon,klyonas@alexa.com,Female,9248,VND
10.03.2023,16.02.2023,390,Lynnette,Poundesford,lpoundesfordat@comsenz.com,Female,6177,YER
26.07.2023,12.06.2023,391,Weidar,Surgener,wsurgenerau@is.gd,Male,9121,EUR
10.02.2023,05.06.2023,392,Baudoin,Grindall,bgrindallav@toplist.cz,Male,8878,THB
05.12.2022,11.04.2023,393,Wallace,Brewer,wbreweraw@histats.com,Male,7269,KRW
07.02.2023,25.09.2023,394,Mandi,Patshull,mpatshullax@weibo.com,Bigender,7821,CNY
19.12.2022,30.03.2023,395,Corrine,Lidington,clidingtonay@mtv.com,Female,1184,EUR
17.04.2023,14.12.2022,396,Allyn,Puckring,apuckringaz@fda.gov,Female,3343,EUR
20.03.2023,01.11.2023,397,Nikolaus,Harrington,nharringtonb0@diigo.com,Male,7600,EUR
15.04.2023,08.05.2023,398,Wendel,Arcase,warcaseb1@scribd.com,Male,6136,JPY
30.03.2023,11.06.2023,399,Colver,Cochern,ccochernb2@prlog.org,Male,8751,EUR
13.09.2023,01.07.2023,400,Ranice,Whilder,rwhilderb3@theglobeandmail.com,Female,5789,BDT
24.08.2023,20.07.2023,401,Elva,Belderfield,ebelderfieldb4@barnesandnoble.com,Female,9883,IDR
16.04.2023,06.03.2023,402,Reinald,Donald,rdonaldb5@businesswire.com,Male,1412,VND
30.12.2022,21.10.2023,403,Steffie,Wikey,swikeyb6@webeden.co.uk,Female,9043,CNY
10.05.2023,22.03.2023,404,Nollie,Unstead,nunsteadb7@hhs.gov,Female,4621,EUR
30.03.2023,12.11.2023,405,Essa,Leverett,eleverettb8@bbc.co.uk,Female,7090,RUB
22.06.2023,05.04.2023,406,Shirlee,Vears,svearsb9@istockphoto.com,Female,6485,CZK
10.04.2023,15.02.2023,407,Skipper,Sheavills,ssheavillsba@shinystat.com,Male,3777,CNY
28.12.2022,17.08.2023,408,Biron,Ivanchenkov,bivanchenkovbb@vimeo.com,Male,7260,EUR
04.02.2023,11.02.2023,409,Brnaby,Brick,bbrickbc@telegraph.co.uk,Male,2248,BRL
28.01.2023,22.12.2022,410,Rusty,Suart,rsuartbd@ucla.edu,Male,8555,CNY
27.07.2023,12.08.2023,411,Jamey,Spirritt,jspirrittbe@archive.org,Male,6133,XAF
23.12.2022,24.06.2023,412,Quinn,Cawston,qcawstonbf@reuters.com,Female,3487,CAD
08.02.2023,14.05.2023,413,Ernst,Gregh,egreghbg@macromedia.com,Male,1591,NAD
19.07.2023,07.02.2023,414,Ximenes,Trencher,xtrencherbh@arizona.edu,Male,2579,EUR
27.04.2023,04.01.2023,415,Tulley,Saxelby,tsaxelbybi@sohu.com,Male,9679,EUR
19.04.2023,29.05.2023,416,Lydon,Proschek,lproschekbj@csmonitor.com,Male,4154,NPR
16.11.2023,24.09.2023,417,Jacinta,Elsom,jelsombk@ning.com,Female,1078,IDR
20.08.2023,18.01.2023,418,Alexis,Prevett,aprevettbl@java.com,Male,7113,MXN
25.09.2023,05.01.2023,419,Noelani,Gabey,ngabeybm@phoca.cz,Female,1773,IRR
23.09.2023,23.10.2023,420,Hugues,Stansfield,hstansfieldbn@baidu.com,Male,8855,VEF
15.08.2023,09.04.2023,421,Raven,Grieswood,rgrieswoodbo@tmall.com,Female,8010,MXN
13.02.2023,25.03.2023,422,Ardra,Pindred,apindredbp@home.pl,Female,9461,AZN
14.03.2023,10.09.2023,423,Lindy,Vittet,lvittetbq@joomla.org,Male,9252,VEF
03.02.2023,20.01.2023,424,Mayor,Murdy,mmurdybr@uiuc.edu,Male,7477,CNY
03.03.2023,06.03.2023,425,Sal,Grishenkov,sgrishenkovbs@nydailynews.com,Female,6359,UAH
10.06.2023,24.05.2023,426,Catrina,Beckitt,cbeckittbt@bbb.org,Female,4269,RUB
29.11.2023,26.09.2023,427,Foss,Edinburough,fedinburoughbu@apache.org,Male,1892,PLN
01.03.2023,13.11.2023,428,Torre,Attfield,tattfieldbv@privacy.gov.au,Male,9806,CNY
24.01.2023,04.07.2023,429,Edin,Barensen,ebarensenbw@wikipedia.org,Female,8791,CNY
26.10.2023,09.05.2023,430,Nadeen,Goldspink,ngoldspinkbx@china.com.cn,Female,4811,ARS
05.03.2023,05.09.2023,431,Tanny,Skains,tskainsby@booking.com,Male,1664,DKK
08.01.2023,18.05.2023,432,Allx,Spilstead,aspilsteadbz@skype.com,Female,2663,UAH
23.11.2023,24.06.2023,433,Michele,Cardoso,mcardosoc0@skyrock.com,Male,5402,PHP
12.06.2023,08.03.2023,434,Audrey,Rotter,arotterc1@free.fr,Female,5576,PLN
19.02.2023,12.02.2023,435,Tabitha,Queyeiro,tqueyeiroc2@blogtalkradio.com,Female,7511,EUR
28.04.2023,06.01.2023,436,Raddy,Livesay,rlivesayc3@issuu.com,Male,1567,PHP
06.02.2023,15.09.2023,437,Orly,Pocknoll,opocknollc4@apple.com,Female,5583,RUB
22.06.2023,28.02.2023,438,Lishe,Denington,ldeningtonc5@biblegateway.com,Female,5189,NZD
04.09.2023,17.07.2023,439,Mischa,Arondel,marondelc6@guardian.co.uk,Male,7286,BRL
09.06.2023,14.02.2023,440,Yehudit,Herrema,yherremac7@hao123.com,Male,6650,CNY
28.03.2023,04.07.2023,441,Garth,Hickinbottom,ghickinbottomc8@salon.com,Male,2715,PLN
19.01.2023,27.01.2023,442,Meredithe,Cowell,mcowellc9@webs.com,Female,8598,UYU
01.04.2023,16.10.2023,443,Ervin,Estevez,eestevezca@businesswire.com,Male,3592,JPY
28.06.2023,02.05.2023,444,Becka,Haig,bhaigcb@jimdo.com,Female,3948,AUD
08.06.2023,01.08.2023,445,Ginelle,Newsome,gnewsomecc@answers.com,Female,2224,PLN
03.06.2023,11.03.2023,446,Fidelia,Murty,fmurtycd@qq.com,Female,8303,CNY
28.03.2023,24.11.2023,447,Clarance,O'Reilly,coreillyce@netvibes.com,Male,2212,VEF
17.02.2023,16.09.2023,448,Emanuele,Hanton,ehantoncf@jiathis.com,Male,7562,EUR
08.12.2022,21.11.2023,449,Xenos,Buncom,xbuncomcg@rediff.com,Male,7099,CAD
05.12.2022,26.08.2023,450,Georgine,Lange,glangech@senate.gov,Female,5078,BRL
26.08.2023,03.06.2023,451,Hyacinthie,Dixsee,hdixseeci@adobe.com,Female,1422,SEK
18.03.2023,19.05.2023,452,Forest,Aliberti,faliberticj@pagesperso-orange.fr,Non-binary,6300,CNY
21.06.2023,16.03.2023,453,Gerome,Walsh,gwalshck@sciencedaily.com,Male,8102,PHP
25.01.2023,02.02.2023,454,Herculie,Yokley,hyokleycl@buzzfeed.com,Male,8638,RUB
24.03.2023,17.08.2023,455,Winonah,Cordy,wcordycm@free.fr,Female,1759,PHP
28.02.2023,30.10.2023,456,Gibby,Vinden,gvindencn@g.co,Male,2248,VND
20.05.2023,14.01.2023,457,Benjamen,Maffy,bmaffyco@theatlantic.com,Male,4608,BRL
28.11.2023,08.12.2022,458,Gus,Rogger,groggercp@simplemachines.org,Female,2888,ALL
09.09.2023,22.12.2022,459,Cassy,Keune,ckeunecq@ucoz.ru,Female,6002,UGX
10.09.2023,31.10.2023,460,Jedd,Casoni,jcasonicr@myspace.com,Genderfluid,9577,EUR
05.01.2023,15.02.2023,461,Denver,Hadwin,dhadwincs@ebay.com,Male,6999,ARS
05.03.2023,14.12.2022,462,Eda,Bellingham,ebellinghamct@nih.gov,Female,2529,IDR
19.01.2023,17.11.2023,463,Danna,Josovitz,djosovitzcu@sohu.com,Female,6930,UAH
03.08.2023,22.10.2023,464,Marshall,Schroter,mschrotercv@examiner.com,Male,1386,CNY
25.08.2023,15.07.2023,465,Reider,Mesias,rmesiascw@shop-pro.jp,Male,1242,VUV
25.08.2023,21.02.2023,466,Kayne,Champken,kchampkencx@clickbank.net,Male,2090,EUR
03.04.2023,19.12.2022,467,Kale,Dreng,kdrengcy@webeden.co.uk,Male,2737,PLN
02.03.2023,09.05.2023,468,Curr,Baudone,cbaudonecz@globo.com,Male,3876,PHP
01.10.2023,23.12.2022,469,Karie,Maudson,kmaudsond0@mozilla.com,Female,6941,IDR
18.02.2023,28.01.2023,470,Jerrie,Freckingham,jfreckinghamd1@msu.edu,Male,8321,PAB
17.09.2023,04.11.2023,471,Mychal,Bonnet,mbonnetd2@google.co.jp,Male,8996,PHP
10.01.2023,10.06.2023,472,Lonnard,Whale,lwhaled3@rediff.com,Male,2656,CNY
12.05.2023,01.06.2023,473,Marcos,Gladden,mgladdend4@networkadvertising.org,Male,3665,CNY
23.06.2023,17.10.2023,474,Kaye,Paddy,kpaddyd5@twitter.com,Female,5671,USD
25.09.2023,09.01.2023,475,Daryn,Libbie,dlibbied6@feedburner.com,Female,4883,MMK
11.05.2023,26.02.2023,476,Wenonah,Lage,wlaged7@princeton.edu,Female,1612,CHF
09.04.2023,16.08.2023,477,Rois,Gobourn,rgobournd8@jalbum.net,Female,4908,EUR
14.02.2023,23.04.2023,478,Basilio,Orry,borryd9@macromedia.com,Male,2732,CNY
04.01.2023,18.07.2023,479,Jeff,Klamp,jklampda@list-manage.com,Male,9999,IDR
06.07.2023,24.01.2023,480,Jessalin,O'Lunney,jolunneydb@mozilla.org,Female,3548,COP
07.01.2023,20.05.2023,481,Neall,Matthewman,nmatthewmandc@zdnet.com,Male,9361,RUB
20.03.2023,08.12.2022,482,Marten,Hoodspeth,mhoodspethdd@trellian.com,Male,6901,JPY
24.01.2023,06.01.2023,483,Timmie,Gawler,tgawlerde@nasa.gov,Female,4158,EUR
03.03.2023,01.08.2023,484,Herman,Humphris,hhumphrisdf@accuweather.com,Male,6394,IDR
01.07.2023,13.12.2022,485,Pier,Goligly,pgoliglydg@google.pl,Female,5656,CNY
25.01.2023,17.10.2023,486,Erek,Goering,egoeringdh@flavors.me,Male,2897,CNY
22.01.2023,13.06.2023,487,Rip,Neal,rnealdi@nymag.com,Male,7660,EUR
07.01.2023,06.06.2023,488,Milly,Laxe,mlaxedj@amazon.com,Female,9912,CUP
27.02.2023,01.06.2023,489,Rae,Winchcomb,rwinchcombdk@stanford.edu,Female,5835,BRL
18.12.2022,27.11.2023,490,Joshia,Brunon,jbrunondl@omniture.com,Non-binary,9790,RUB
01.04.2023,31.05.2023,491,Cornie,Boerder,cboerderdm@technorati.com,Female,6872,XAF
01.09.2023,17.11.2023,492,Osmund,Kernley,okernleydn@psu.edu,Male,7631,GBP
20.03.2023,10.09.2023,493,Hedda,McNutt,hmcnuttdo@census.gov,Female,4627,BRL
22.04.2023,04.09.2023,494,Bordy,Gouly,bgoulydp@yandex.ru,Male,5691,EUR
09.02.2023,05.05.2023,495,Samaria,Dabourne,sdabournedq@scribd.com,Non-binary,5523,USD
09.10.2023,16.09.2023,496,Friederike,Bermingham,fberminghamdr@xing.com,Female,9308,CNY
19.08.2023,13.06.2023,497,Thekla,Breslin,tbreslinds@vk.com,Female,1545,EUR
30.10.2023,09.01.2023,498,Janessa,Gounard,jgounarddt@yahoo.com,Female,6739,PEN
28.11.2023,20.06.2023,499,Lars,Di Biasi,ldibiasidu@nbcnews.com,Male,3419,CNY
13.11.2023,21.03.2023,500,Isaac,Rosenfarb,irosenfarbdv@usa.gov,Male,7891,CNY
04.08.2023,19.09.2023,501,Patty,Bazek,pbazekdw@paypal.com,Bigender,7345,CNY
06.03.2023,13.01.2023,502,Berry,Muskett,bmuskettdx@bigcartel.com,Female,4382,CNY
06.11.2023,07.02.2023,503,Ava,Raspison,araspisondy@patch.com,Female,4289,CNY
13.02.2023,21.08.2023,504,Rockey,Ortega,rortegadz@xing.com,Male,4983,CNY
17.12.2022,06.10.2023,505,Andrei,Moreinu,amoreinue0@netvibes.com,Female,5946,CNY
17.07.2023,11.12.2022,506,Washington,Peer,wpeere1@scribd.com,Male,1073,EUR
30.12.2022,07.08.2023,507,Georas,Uzelli,guzellie2@php.net,Male,4743,PHP
12.03.2023,10.01.2023,508,Glenn,Kener,gkenere3@sphinn.com,Male,5497,SEK
24.12.2022,03.01.2023,509,Prissie,Eskrigge,peskriggee4@hubpages.com,Female,5437,PHP
24.11.2023,06.12.2022,510,Arie,Hollow,ahollowe5@prnewswire.com,Male,4138,PKR
21.11.2023,19.04.2023,511,Toby,Sawbridge,tsawbridgee6@privacy.gov.au,Female,8586,JMD
21.05.2023,02.01.2023,512,Chrotoem,Coakley,ccoakleye7@dailymotion.com,Male,2271,DOP
24.12.2022,20.08.2023,513,Kaja,Stepney,kstepneye8@upenn.edu,Female,2929,ALL
27.11.2023,04.02.2023,514,Sullivan,Kelemen,skelemene9@youtu.be,Male,8095,CNY
27.01.2023,05.03.2023,515,Jeralee,Wintersgill,jwintersgillea@homestead.com,Female,9177,CNY
27.05.2023,03.02.2023,516,Sheelah,Over,sovereb@ted.com,Female,4695,CAD
27.01.2023,25.12.2022,517,Tedda,Stockill,tstockillec@loc.gov,Genderfluid,1632,EUR
12.11.2023,26.02.2023,518,Sandy,Cantillon,scantilloned@hao123.com,Genderqueer,5492,AZN
15.06.2023,17.11.2023,519,Norry,Stringman,nstringmanee@ed.gov,Male,1870,EUR
04.12.2022,21.01.2023,520,Klara,Iacovazzi,kiacovazzief@imageshack.us,Female,1903,BRL
26.04.2023,19.06.2023,521,Rochella,Verduin,rverduineg@e-recht24.de,Agender,6177,BRL
13.06.2023,10.04.2023,522,Farlay,Wick,fwickeh@goo.ne.jp,Male,1994,CNY
11.01.2023,18.12.2022,523,Filmer,Nears,fnearsei@berkeley.edu,Male,8582,BRL
21.11.2023,17.03.2023,524,Addy,Tibbles,atibblesej@springer.com,Genderfluid,7039,JPY
14.09.2023,11.01.2023,525,Nancie,Stolberger,nstolbergerek@bluehost.com,Female,2289,YER
20.12.2022,22.08.2023,526,Jaclyn,Blake,jblakeel@examiner.com,Female,2258,BRL
11.05.2023,17.10.2023,527,Sullivan,Ponten,spontenem@wisc.edu,Agender,3780,UAH
12.10.2023,23.03.2023,528,Grannie,Zanelli,gzanellien@intel.com,Male,1107,SEK
19.04.2023,28.11.2023,529,Karole,Despenser,kdespensereo@wordpress.org,Female,9097,SEK
05.01.2023,23.07.2023,530,Warde,Canning,wcanningep@ning.com,Male,9701,EUR
04.01.2023,21.03.2023,531,Neala,Capun,ncapuneq@theatlantic.com,Female,6457,XOF
16.05.2023,12.10.2023,532,Gussie,Fike,gfikeer@oakley.com,Female,4021,PKR
31.07.2023,29.05.2023,533,Ester,Bowsher,ebowsheres@stumbleupon.com,Female,5165,SEK
28.12.2022,07.04.2023,534,Clim,Angrave,cangraveet@goo.ne.jp,Male,9089,RUB
24.04.2023,26.04.2023,535,Nichole,Seiter,nseitereu@rediff.com,Male,3004,IDR
04.02.2023,19.08.2023,536,Modestia,Redholes,mredholesev@51.la,Female,2561,CNY
20.11.2023,26.01.2023,537,Nickie,Hyne,nhyneew@psu.edu,Genderfluid,4457,ARS
19.12.2022,03.10.2023,538,Tris,Kalvin,tkalvinex@unicef.org,Male,7910,UZS
10.10.2023,23.04.2023,539,Dru,Brunning,dbrunningey@amazon.com,Male,5456,CNY
20.02.2023,07.07.2023,540,Alissa,Gilsthorpe,agilsthorpeez@acquirethisname.com,Female,6650,IDR
13.12.2022,30.03.2023,541,Rosalie,Tunbridge,rtunbridgef0@un.org,Female,1142,AZN
06.03.2023,12.10.2023,542,Alyss,Murt,amurtf1@elpais.com,Female,6303,CNY
10.04.2023,20.08.2023,543,Norry,Mawer,nmawerf2@tamu.edu,Male,3908,CZK
24.03.2023,16.07.2023,544,Anatollo,Stockall,astockallf3@ovh.net,Male,9594,THB
12.10.2023,31.07.2023,545,Franciskus,Feaks,ffeaksf4@odnoklassniki.ru,Male,8742,JPY
28.04.2023,17.10.2023,546,Culver,Plenty,cplentyf5@ftc.gov,Male,4922,PLN
28.10.2023,13.01.2023,547,Darleen,Kepling,dkeplingf6@si.edu,Female,1972,PKR
27.02.2023,06.03.2023,548,Joleen,Conibeer,jconibeerf7@jimdo.com,Female,2666,USD
14.10.2023,17.03.2023,549,Ranique,Tumbelty,rtumbeltyf8@redcross.org,Female,3757,CNY
10.04.2023,17.11.2023,550,Sim,Kirkbride,skirkbridef9@blogger.com,Male,8475,EUR
06.11.2023,02.10.2023,551,Francklyn,Jeandin,fjeandinfa@godaddy.com,Bigender,8403,KPW
17.06.2023,10.10.2023,552,Riobard,Aires,rairesfb@opensource.org,Polygender,8348,BRL
19.10.2023,09.10.2023,553,Danie,Gelderd,dgelderdfc@washington.edu,Male,3746,COP
16.06.2023,25.10.2023,554,Cele,Lionel,clionelfd@spotify.com,Female,6134,IDR
16.08.2023,29.05.2023,555,Brockie,Tammadge,btammadgefe@redcross.org,Male,4060,PHP
05.04.2023,11.09.2023,556,Noel,Harrald,nharraldff@wufoo.com,Male,2936,CNY
26.02.2023,06.11.2023,557,Dulcea,Antecki,danteckifg@latimes.com,Female,5609,ZAR
30.05.2023,10.08.2023,558,Moll,Petras,mpetrasfh@amazon.de,Female,3062,BDT
04.12.2022,25.09.2023,559,Katrina,Cometti,kcomettifi@springer.com,Female,6610,CNY
08.11.2023,10.09.2023,560,Hermina,Dimitrescu,hdimitrescufj@oaic.gov.au,Female,1884,SEK
05.01.2023,25.02.2023,561,Olga,Girod,ogirodfk@nyu.edu,Female,7440,IDR
21.10.2023,05.01.2023,562,Mirella,Coldicott,mcoldicottfl@vimeo.com,Female,8710,EUR
30.06.2023,11.11.2023,563,Helen,Moxley,hmoxleyfm@illinois.edu,Female,6976,EUR
04.05.2023,22.08.2023,564,Loydie,Ashwood,lashwoodfn@dagondesign.com,Male,7245,IDR
26.04.2023,18.10.2023,565,Bertine,Lovelady,bloveladyfo@123-reg.co.uk,Female,5275,CNY
25.03.2023,04.08.2023,566,Bertrando,Staterfield,bstaterfieldfp@java.com,Male,1959,RUB
19.05.2023,27.08.2023,567,Robinett,Stutte,rstuttefq@intel.com,Female,9763,EUR
13.07.2023,03.09.2023,568,Sawyere,Gleave,sgleavefr@hibu.com,Male,9857,IDR
27.12.2022,16.01.2023,569,Luciano,Sedgefield,lsedgefieldfs@dell.com,Male,7282,USD
10.02.2023,11.02.2023,570,Horton,Fotitt,hfotittft@cornell.edu,Male,9908,BDT
01.04.2023,21.11.2023,571,Sheryl,Chaperling,schaperlingfu@yellowpages.com,Female,9544,CNY
16.03.2023,13.11.2023,572,Edmund,Manns,emannsfv@globo.com,Male,5666,NGN
20.09.2023,05.12.2022,573,Tana,Narey,tnareyfw@ibm.com,Genderfluid,2811,AZN
03.10.2023,26.03.2023,574,Decca,Pattle,dpattlefx@wp.com,Male,1667,SEK
13.08.2023,01.04.2023,575,Lock,Sherrington,lsherringtonfy@seesaa.net,Male,6544,RUB
05.07.2023,16.10.2023,576,Hillier,Conradsen,hconradsenfz@cloudflare.com,Male,7144,CLP
02.12.2022,03.07.2023,577,Berkeley,Alvaro,balvarog0@rediff.com,Male,5644,TZS
14.12.2022,20.08.2023,578,Dulcinea,MacLeod,dmacleodg1@shutterfly.com,Female,9636,EUR
13.02.2023,28.04.2023,579,Chrystel,Ridesdale,cridesdaleg2@dmoz.org,Female,3324,HNL
12.05.2023,21.12.2022,580,Monroe,Razzell,mrazzellg3@hatena.ne.jp,Male,6673,BRL
31.03.2023,25.07.2023,581,Rorke,Eddleston,reddlestong4@so-net.ne.jp,Male,8286,RSD
17.06.2023,21.12.2022,582,Giselbert,Hallwood,ghallwoodg5@lulu.com,Male,3744,EUR
21.08.2023,27.03.2023,583,Bengt,Warr,bwarrg6@taobao.com,Male,5080,NGN
07.04.2023,19.12.2022,584,Tonie,Elves,telvesg7@mashable.com,Genderqueer,6539,EUR
13.01.2023,31.03.2023,585,Jacinthe,Pohls,jpohlsg8@psu.edu,Female,2423,MWK
05.06.2023,31.05.2023,586,Pru,Bernaciak,pbernaciakg9@bluehost.com,Female,6472,CNY
15.06.2023,25.09.2023,587,Odetta,Gilgryst,ogilgrystga@theatlantic.com,Female,8361,USD
07.11.2023,15.07.2023,588,Baron,Menghi,bmenghigb@digg.com,Male,5065,CZK
04.01.2023,30.06.2023,589,Inessa,Frake,ifrakegc@freewebs.com,Female,5359,SEK
13.04.2023,18.01.2023,590,Orrin,Le Houx,olehouxgd@pen.io,Male,7887,CNY
23.04.2023,14.12.2022,591,Arda,Nazer,anazerge@stanford.edu,Female,5513,AMD
16.01.2023,25.07.2023,592,Kirbee,Gambrell,kgambrellgf@mayoclinic.com,Female,6683,CZK
21.01.2023,20.12.2022,593,Wenonah,Vergine,wverginegg@ibm.com,Female,8966,BWP
20.09.2023,01.03.2023,594,Barnard,Moorwood,bmoorwoodgh@paginegialle.it,Male,5583,PLN
16.12.2022,08.10.2023,595,Ricky,Howell,rhowellgi@jalbum.net,Female,5168,JPY
29.03.2023,08.08.2023,596,Marianna,Klemz,mklemzgj@yellowpages.com,Female,8514,RUB
30.08.2023,28.06.2023,597,Evy,Pozzo,epozzogk@vkontakte.ru,Female,2808,CNY
12.01.2023,13.06.2023,598,Hall,Luipold,hluipoldgl@ft.com,Male,2157,IDR
05.03.2023,27.03.2023,599,Fabio,Bemment,fbemmentgm@boston.com,Male,8781,GMD
11.06.2023,05.09.2023,600,Dawna,Cridge,dcridgegn@google.fr,Female,1913,BRL
30.03.2023,17.01.2023,601,Molli,Shetliff,mshetliffgo@hao123.com,Female,3680,TMT
01.03.2023,21.06.2023,602,Monte,Stolworthy,mstolworthygp@marriott.com,Male,9007,MXN
20.09.2023,12.07.2023,603,Rodger,Pley,rpleygq@stumbleupon.com,Male,9901,EUR
13.05.2023,19.01.2023,604,Maude,Bellenie,mbelleniegr@deliciousdays.com,Non-binary,7227,ALL
21.02.2023,13.04.2023,605,Berkeley,Goghin,bgoghings@washingtonpost.com,Male,5867,CNY
14.06.2023,23.07.2023,606,Arel,Molian,amoliangt@creativecommons.org,Male,4826,EUR
13.01.2023,14.03.2023,607,Charity,Mews,cmewsgu@sfgate.com,Female,9490,USD
19.01.2023,09.07.2023,608,Sadie,Izhak,sizhakgv@yahoo.co.jp,Female,6355,PHP
03.02.2023,16.09.2023,609,Julie,Benkhe,jbenkhegw@google.com,Male,9437,CNY
03.12.2022,18.05.2023,610,Cassie,Bateman,cbatemangx@tripadvisor.com,Female,2590,CNY
28.02.2023,12.07.2023,611,Sigismundo,Probert,sprobertgy@cdc.gov,Male,8077,KGS
06.02.2023,01.01.2023,612,Edvard,Bradnick,ebradnickgz@oracle.com,Male,6796,CNY
01.03.2023,05.01.2023,613,Clyve,Tritten,ctrittenh0@thetimes.co.uk,Non-binary,6951,IRR
18.06.2023,10.05.2023,614,Stephen,Pegden,spegdenh1@ebay.co.uk,Male,8768,PLN
12.07.2023,25.11.2023,615,Hadria,Hallihane,hhallihaneh2@hc360.com,Female,8914,CNY
12.04.2023,14.12.2022,616,Abbott,Huckerby,ahuckerbyh3@wsj.com,Male,8820,RUB
18.03.2023,14.04.2023,617,Monah,Binham,mbinhamh4@hc360.com,Female,9396,CAD
22.06.2023,16.07.2023,618,Lynea,Drillingcourt,ldrillingcourth5@instagram.com,Female,6075,ARS
07.06.2023,14.11.2023,619,Melissa,Quadling,mquadlingh6@diigo.com,Female,3467,RUB
07.12.2022,09.04.2023,620,Calhoun,Addionisio,caddionisioh7@apache.org,Male,9798,PHP
05.08.2023,08.10.2023,621,Si,Dealey,sdealeyh8@seattletimes.com,Male,2896,THB
20.02.2023,04.05.2023,622,Felicdad,Strute,fstruteh9@fastcompany.com,Female,7926,EUR
31.08.2023,04.11.2023,623,Ezri,Grzelczak,egrzelczakha@is.gd,Male,3930,PKR
20.06.2023,16.09.2023,624,Glenn,Hurdis,ghurdishb@weather.com,Female,2599,IDR
22.11.2023,03.09.2023,625,Benedikta,Briiginshaw,bbriiginshawhc@cloudflare.com,Female,5731,IDR
25.02.2023,01.03.2023,626,Atlanta,Murname,amurnamehd@twitpic.com,Female,5927,VEF
17.03.2023,09.10.2023,627,Goldi,Bowles,gbowleshe@ning.com,Female,1959,PHP
09.03.2023,18.05.2023,628,Siana,Berntssen,sberntssenhf@indiegogo.com,Female,6695,IDR
19.06.2023,18.11.2023,629,Faulkner,Pear,fpearhg@acquirethisname.com,Male,1596,NOK
08.07.2023,17.07.2023,630,Kendra,Witherdon,kwitherdonhh@shareasale.com,Female,5788,CNY
13.12.2022,15.02.2023,631,Martica,Ramshay,mramshayhi@ucla.edu,Female,1817,AFN
04.09.2023,09.06.2023,632,Neilla,Jonson,njonsonhj@army.mil,Genderqueer,3274,CNY
17.04.2023,01.02.2023,633,Wilona,Wallworth,wwallworthhk@desdev.cn,Female,4906,UZS
13.04.2023,05.04.2023,634,Leisha,Eby,lebyhl@independent.co.uk,Female,4141,MXN
05.04.2023,16.05.2023,635,Solly,Chaudrelle,schaudrellehm@webeden.co.uk,Male,5856,IDR
16.12.2022,18.05.2023,636,Guillaume,Dyball,gdyballhn@privacy.gov.au,Polygender,9066,RUB
19.06.2023,23.10.2023,637,Reed,Walenta,rwalentaho@devhub.com,Male,2525,IQD
06.12.2022,17.04.2023,638,Kesley,Whitney,kwhitneyhp@webmd.com,Female,2755,CNY
11.09.2023,18.04.2023,639,Cara,Lupson,clupsonhq@amazon.com,Female,6726,IDR
25.10.2023,14.09.2023,640,Nathalia,Power,npowerhr@odnoklassniki.ru,Female,3267,UAH
11.04.2023,24.05.2023,641,Rawley,Shave,rshavehs@histats.com,Male,3854,KRW
21.08.2023,07.01.2023,642,Tadio,Paulsen,tpaulsenht@bloglines.com,Male,4839,ETB
08.08.2023,10.02.2023,643,Sibby,Mayze,smayzehu@wp.com,Female,9786,IDR
07.06.2023,05.01.2023,644,Hana,Rottenbury,hrottenburyhv@pbs.org,Female,3354,CNY
30.12.2022,04.04.2023,645,Biddy,Cammiemile,bcammiemilehw@mapy.cz,Female,2445,CNY
04.08.2023,08.02.2023,646,Orson,Catlin,ocatlinhx@ox.ac.uk,Male,5113,PHP
23.07.2023,01.12.2022,647,Terry,Buckland,tbucklandhy@friendfeed.com,Male,6291,PHP
30.04.2023,05.02.2023,648,Delaney,Hyslop,dhyslophz@google.cn,Male,3255,HNL
19.03.2023,04.02.2023,649,Zita,Orknay,zorknayi0@nymag.com,Non-binary,4722,MMK
18.10.2023,22.02.2023,650,Kelwin,Krienke,kkrienkei1@scribd.com,Male,5267,PEN
25.03.2023,01.12.2022,651,Taddeusz,Joselevitch,tjoselevitchi2@biblegateway.com,Male,6424,COP
28.10.2023,22.01.2023,652,Dicky,Clapshaw,dclapshawi3@si.edu,Genderqueer,8780,UYU
20.06.2023,08.10.2023,653,Binny,Crain,bcraini4@geocities.com,Female,2640,PHP
13.07.2023,15.10.2023,654,Uriah,Glenwright,uglenwrighti5@samsung.com,Male,6561,VND
25.02.2023,21.09.2023,655,Dory,Woodruffe,dwoodruffei6@cnet.com,Female,2487,IDR
03.03.2023,25.02.2023,656,Karylin,Carpmile,kcarpmilei7@typepad.com,Female,4868,PLN
19.01.2023,27.05.2023,657,Elliot,Savine,esavinei8@aboutads.info,Male,2521,ZMW
17.06.2023,25.05.2023,658,Reena,Mouth,rmouthi9@artisteer.com,Female,5508,ILS
01.09.2023,24.02.2023,659,Yves,Truluck,ytruluckia@adobe.com,Male,2715,EUR
13.11.2023,12.06.2023,660,Sigrid,Garmey,sgarmeyib@ovh.net,Female,8059,EUR
26.12.2022,30.03.2023,661,Baxter,Rudyard,brudyardic@arizona.edu,Male,3354,BRL
17.05.2023,02.11.2023,662,Dwain,Hackleton,dhackletonid@1und1.de,Male,8249,UGX
02.10.2023,12.05.2023,663,Skipper,Twort,stwortie@springer.com,Male,4026,EUR
17.11.2023,24.08.2023,664,Cristobal,Emburey,cembureyif@skyrock.com,Male,4943,USD
28.06.2023,11.04.2023,665,Alexa,Ripon,ariponig@symantec.com,Genderqueer,1855,AUD
19.10.2023,16.02.2023,666,Giorgi,Blazej,gblazejih@booking.com,Male,2463,CZK
06.05.2023,12.09.2023,667,Shirley,Shilburne,sshilburneii@miibeian.gov.cn,Bigender,3354,GTQ
05.11.2023,28.03.2023,668,Kaylee,Link,klinkij@abc.net.au,Female,6910,EUR
25.02.2023,12.01.2023,669,Sig,Billsberry,sbillsberryik@yandex.ru,Male,3283,IDR
25.02.2023,09.12.2022,670,Bronson,O'Curran,bocurranil@smugmug.com,Male,9944,CNY
01.01.2023,17.07.2023,671,Ron,Torvey,rtorveyim@digg.com,Male,3169,EUR
25.02.2023,17.02.2023,672,Shelton,Vigers,svigersin@edublogs.org,Agender,5478,GEL
21.03.2023,20.03.2023,673,Rea,Gorse,rgorseio@netlog.com,Female,3811,PHP
15.11.2023,12.06.2023,674,Orton,Stooke,ostookeip@hud.gov,Male,7471,TZS
16.06.2023,26.06.2023,675,Coraline,Spileman,cspilemaniq@illinois.edu,Female,6226,BRL
12.03.2023,19.08.2023,676,Ericka,Roggeman,eroggemanir@cocolog-nifty.com,Female,8827,RUB
12.12.2022,27.12.2022,677,Portia,Terry,pterryis@msu.edu,Female,7531,IDR
20.02.2023,22.10.2023,678,Boniface,Benham,bbenhamit@bbb.org,Male,9035,CDF
28.10.2023,09.06.2023,679,Dione,Fosbraey,dfosbraeyiu@mapy.cz,Female,9986,EUR
28.03.2023,07.11.2023,680,Brook,Carling,bcarlingiv@tamu.edu,Genderfluid,4466,MDL
25.09.2023,27.01.2023,681,Garvy,Whawell,gwhawelliw@princeton.edu,Male,6045,PLN
31.05.2023,09.07.2023,682,Benyamin,Rannie,brannieix@ycombinator.com,Male,5612,CNY
10.04.2023,07.10.2023,683,Ardis,Stoffel,astoffeliy@netscape.com,Female,2669,BRL
15.06.2023,21.06.2023,684,Rora,Cayser,rcayseriz@cnet.com,Female,6113,IDR
01.12.2022,28.11.2023,685,Myriam,Tetford,mtetfordj0@umich.edu,Female,2477,EUR
11.09.2023,05.07.2023,686,Arlan,Densie,adensiej1@jigsy.com,Male,5155,CLP
29.05.2023,11.03.2023,687,Fleurette,Obert,fobertj2@webmd.com,Polygender,3869,EUR
31.05.2023,10.10.2023,688,Laverne,Haddon,lhaddonj3@nps.gov,Female,7108,EUR
30.12.2022,17.05.2023,689,Ruben,Huckle,rhucklej4@qq.com,Male,7274,MAD
07.07.2023,01.12.2022,690,Reggie,Peterffy,rpeterffyj5@squarespace.com,Male,6236,IDR
28.06.2023,01.11.2023,691,Garrott,Pape,gpapej6@dailymotion.com,Male,1966,THB
07.08.2023,16.02.2023,692,Chrystal,Gioan,cgioanj7@behance.net,Female,7283,CAD
21.05.2023,25.07.2023,693,Wilhelmine,Tryhorn,wtryhornj8@eepurl.com,Female,8946,CNY
05.07.2023,17.11.2023,694,Romeo,Stocky,rstockyj9@usnews.com,Male,1208,CNY
13.10.2023,04.11.2023,695,Gwenette,Neesam,gneesamja@php.net,Female,6045,EUR
10.11.2023,29.08.2023,696,Trever,Killcross,tkillcrossjb@dropbox.com,Male,9984,AOA
27.11.2023,15.06.2023,697,Ninette,Filgate,nfilgatejc@51.la,Genderqueer,9599,IDR
02.06.2023,20.04.2023,698,Ange,Thurgood,athurgoodjd@mayoclinic.com,Female,1945,UGX
05.02.2023,14.10.2023,699,Kevon,Jaulmes,kjaulmesje@oaic.gov.au,Male,8648,MXN
06.08.2023,23.08.2023,700,Lucine,Millery,lmilleryjf@ucoz.com,Female,1117,HTG
04.11.2023,02.10.2023,701,Orelia,Tirone,otironejg@prweb.com,Female,7722,BRL
06.02.2023,31.01.2023,702,Morgan,MacKaile,mmackailejh@biglobe.ne.jp,Female,2662,EUR
01.05.2023,04.05.2023,703,Bette-ann,Katte,bkatteji@paypal.com,Female,3868,EUR
17.07.2023,29.07.2023,704,Rafferty,Spurling,rspurlingjj@bravesites.com,Male,1161,BYR
07.12.2022,07.09.2023,705,Erina,Towsie,etowsiejk@washingtonpost.com,Female,6027,USD
07.08.2023,02.06.2023,706,Gordie,Gainfort,ggainfortjl@cdc.gov,Male,9328,GEL
24.08.2023,12.01.2023,707,Constantina,Gamil,cgamiljm@360.cn,Female,5894,ARS
15.09.2023,24.05.2023,708,Johnette,Bernardinelli,jbernardinellijn@goo.gl,Female,5680,XAF
03.12.2022,24.06.2023,709,Ardelia,Harrowell,aharrowelljo@washington.edu,Female,7985,BRL
22.06.2023,13.05.2023,710,Nydia,Stutely,nstutelyjp@ameblo.jp,Female,3846,NOK
13.10.2023,23.03.2023,711,Lyndell,Chisnell,lchisnelljq@g.co,Female,5723,IDR
19.09.2023,05.11.2023,712,Nate,Tansley,ntansleyjr@washington.edu,Male,8139,IDR
14.12.2022,06.04.2023,713,Blakeley,Willsmore,bwillsmorejs@freewebs.com,Female,3796,CNY
13.03.2023,31.10.2023,714,Tadio,Pauletto,tpaulettojt@cisco.com,Male,1082,CNY
26.06.2023,21.08.2023,715,Theresina,Condliffe,tcondliffeju@example.com,Female,2668,KZT
10.01.2023,15.02.2023,716,Ade,Sawart,asawartjv@myspace.com,Male,6920,UZS
02.03.2023,07.12.2022,717,Mead,Mc Curlye,mmccurlyejw@edublogs.org,Female,8275,RUB
27.05.2023,19.02.2023,718,Bonnee,Sabie,bsabiejx@weather.com,Bigender,1270,EUR
14.01.2023,05.01.2023,719,Janetta,Doxsey,jdoxseyjy@foxnews.com,Female,8073,GEL
23.04.2023,03.03.2023,720,Afton,Willes,awillesjz@ask.com,Female,1380,IDR
12.12.2022,30.07.2023,721,Kiah,Waghorne,kwaghornek0@mac.com,Female,7410,CNY
22.03.2023,11.12.2022,722,Jean,Bilston,jbilstonk1@nytimes.com,Female,6149,BRL
23.09.2023,15.01.2023,723,Anissa,Pryor,apryork2@eventbrite.com,Female,6806,MWK
06.05.2023,30.09.2023,724,Teddie,Pfeffel,tpfeffelk3@ning.com,Male,5102,THB
27.03.2023,31.07.2023,725,Sawyer,Cropton,scroptonk4@washingtonpost.com,Male,3177,BDT
09.01.2023,20.07.2023,726,Eldin,Josephs,ejosephsk5@canalblog.com,Male,3993,HTG
14.01.2023,23.07.2023,727,Jeremie,Cockling,jcocklingk6@omniture.com,Male,9356,IDR
12.10.2023,23.07.2023,728,Donnamarie,Krolle,dkrollek7@wordpress.org,Genderfluid,6775,CNY
21.02.2023,20.10.2023,729,Gaylene,Prugel,gprugelk8@usgs.gov,Female,9354,USD
14.12.2022,21.08.2023,730,Janel,Dybbe,jdybbek9@unesco.org,Female,2770,CNY
05.11.2023,04.10.2023,731,Ariel,Kunes,akuneska@bbc.co.uk,Non-binary,5069,CNY
19.05.2023,20.04.2023,732,Bryana,Sobey,bsobeykb@reference.com,Genderfluid,5288,USD
10.09.2023,15.05.2023,733,Leif,Ordelt,lordeltkc@vk.com,Male,4704,RUB
02.12.2022,10.02.2023,734,Giacomo,Braker,gbrakerkd@usgs.gov,Male,2910,RUB
28.01.2023,27.11.2023,735,Sydelle,Whittles,swhittleske@quantcast.com,Female,1539,CNY
01.10.2023,25.05.2023,736,Broddie,Pepperd,bpepperdkf@ow.ly,Male,3393,HNL
29.10.2023,11.05.2023,737,Brigham,Balshaw,bbalshawkg@microsoft.com,Agender,7000,EUR
19.12.2022,07.06.2023,738,Maddy,Grute,mgrutekh@soup.io,Male,7606,THB
01.07.2023,05.09.2023,739,Tito,Bugbee,tbugbeeki@webmd.com,Polygender,9730,USD
12.06.2023,26.10.2023,740,Blaine,Abeau,babeaukj@uol.com.br,Male,3503,IDR
23.05.2023,24.02.2023,741,Shepherd,Ivanishev,sivanishevkk@si.edu,Male,9573,JMD
30.01.2023,11.03.2023,742,Herby,Joutapaitis,hjoutapaitiskl@blogspot.com,Male,8027,USD
02.12.2022,05.10.2023,743,Joline,Ochterlony,jochterlonykm@usda.gov,Genderfluid,1762,CNY
24.06.2023,12.02.2023,744,Francyne,Braunds,fbraundskn@wix.com,Female,1179,EUR
15.04.2023,27.04.2023,745,Germain,Cotgrove,gcotgroveko@uiuc.edu,Female,6155,EUR
03.07.2023,29.10.2023,746,Davidson,Vamplew,dvamplewkp@imdb.com,Male,2389,EUR
11.06.2023,19.03.2023,747,Anne,Boldison,aboldisonkq@mysql.com,Female,7746,VEF
05.11.2023,02.09.2023,748,Mortimer,Handmore,mhandmorekr@huffingtonpost.com,Male,8516,RUB
05.03.2023,03.03.2023,749,Alyss,Erickson,aericksonks@facebook.com,Female,1795,EUR
26.01.2023,23.03.2023,750,Denis,Boffey,dboffeykt@facebook.com,Male,3801,YER
08.04.2023,26.06.2023,751,Jessalyn,Dreossi,jdreossiku@goo.gl,Female,6731,JPY
13.12.2022,06.11.2023,752,Valdemar,Booler,vboolerkv@yelp.com,Male,5448,IDR
24.01.2023,21.08.2023,753,Lyndy,Fearnyhough,lfearnyhoughkw@google.co.jp,Female,8248,USD
16.11.2023,26.07.2023,754,Pinchas,Stollsteimer,pstollsteimerkx@comsenz.com,Male,3001,PLN
31.05.2023,06.11.2023,755,Hilliard,Albon,halbonky@phoca.cz,Male,8786,THB
05.05.2023,13.11.2023,756,Noni,Cleaveland,ncleavelandkz@paginegialle.it,Female,4199,RUB
29.07.2023,05.01.2023,757,Idalia,Milstead,imilsteadl0@stumbleupon.com,Female,4053,CLP
13.10.2023,16.10.2023,758,Rogerio,Mackro,rmackrol1@sourceforge.net,Male,2617,JPY
30.09.2023,09.01.2023,759,Alexandra,Hoffmann,ahoffmannl2@uiuc.edu,Female,3893,IDR
24.01.2023,24.05.2023,760,Tuckie,Enochsson,tenochssonl3@apple.com,Male,2168,PEN
27.10.2023,19.12.2022,761,Lambert,Grassi,lgrassil4@nps.gov,Male,3892,EUR
10.04.2023,21.07.2023,762,Penelope,Pluck,ppluckl5@issuu.com,Female,5138,RUB
29.12.2022,14.10.2023,763,Cayla,Schild,cschildl6@cnn.com,Female,4474,HRK
20.02.2023,11.10.2023,764,Holly-anne,Jerke,hjerkel7@earthlink.net,Female,5053,NGN
14.04.2023,08.07.2023,765,Oswell,Inwood,oinwoodl8@berkeley.edu,Male,1199,CAD
13.11.2023,23.10.2023,766,Livy,Ellcock,lellcockl9@wisc.edu,Non-binary,4457,PHP
26.03.2023,12.03.2023,767,Rodd,Elder,relderla@cornell.edu,Male,9256,IDR
01.02.2023,13.07.2023,768,Rebbecca,Glazer,rglazerlb@cmu.edu,Female,3738,RUB
21.07.2023,05.02.2023,769,Luca,Juszczyk,ljuszczyklc@yolasite.com,Male,6475,MGA
06.07.2023,09.02.2023,770,Netty,Wykey,nwykeyld@mysql.com,Female,3779,ZAR
31.01.2023,18.04.2023,771,Doy,Pignon,dpignonle@shop-pro.jp,Polygender,6453,SEK
10.09.2023,13.06.2023,772,Rena,Mallalieu,rmallalieulf@craigslist.org,Agender,4755,CNY
20.05.2023,01.08.2023,773,Mallory,Gaskill,mgaskilllg@vinaora.com,Bigender,6791,EUR
22.03.2023,21.09.2023,774,Jodie,Tracey,jtraceylh@gnu.org,Male,6542,EUR
17.04.2023,09.10.2023,775,Aldridge,Surmeir,asurmeirli@dmoz.org,Male,1475,USD
24.11.2023,17.02.2023,776,Oliviero,Varlow,ovarlowlj@paginegialle.it,Male,2373,IDR
06.01.2023,30.03.2023,777,Elisha,Brooks,ebrookslk@fc2.com,Male,4704,EUR
14.07.2023,21.07.2023,778,Hoebart,Balcers,hbalcersll@instagram.com,Male,9983,CUP
03.12.2022,11.03.2023,779,Zsazsa,Persence,zpersencelm@guardian.co.uk,Female,8295,RUB
28.12.2022,29.01.2023,780,Inga,Merrgan,imerrganln@mac.com,Polygender,4471,BDT
01.09.2023,15.07.2023,781,Julie,Ick,jicklo@sitemeter.com,Female,9223,PHP
23.03.2023,07.07.2023,782,Ange,Earie,aearielp@eepurl.com,Male,8211,BRL
28.02.2023,05.10.2023,783,Christine,Eades,ceadeslq@ow.ly,Female,1632,UAH
03.12.2022,02.01.2023,784,Beaufort,Luc,bluclr@admin.ch,Male,3944,MAD
16.06.2023,20.03.2023,785,Merrel,Macilhench,mmacilhenchls@mediafire.com,Male,7186,PLN
15.09.2023,02.03.2023,786,Rourke,Furby,rfurbylt@webmd.com,Male,6371,KWD
19.03.2023,17.09.2023,787,Durante,Tune,dtunelu@mashable.com,Male,8856,ARS
26.10.2023,13.10.2023,788,Ab,Mound,amoundlv@a8.net,Male,2768,CNY
09.01.2023,30.04.2023,789,Alyda,Zanelli,azanellilw@usa.gov,Female,6304,CNY
07.02.2023,07.12.2022,790,Darrell,Prout,dproutlx@wp.com,Male,7802,IRR
21.11.2023,05.12.2022,791,Brunhilde,Birmingham,bbirminghamly@unc.edu,Genderfluid,4952,UAH
12.10.2023,30.12.2022,792,Yasmin,Sutterfield,ysutterfieldlz@disqus.com,Female,8609,CNY
31.10.2023,26.01.2023,793,Marlyn,Havesides,mhavesidesm0@bizjournals.com,Female,1164,RUB
10.10.2023,26.05.2023,794,Noak,Lancley,nlancleym1@seattletimes.com,Genderqueer,9329,JPY
03.11.2023,27.09.2023,795,Land,Boutwell,lboutwellm2@nba.com,Male,8286,MAD
18.04.2023,19.04.2023,796,Tab,Duferie,tduferiem3@hud.gov,Male,9309,JPY
26.11.2023,18.03.2023,797,Sydney,Vero,sverom4@a8.net,Male,7387,MYR
14.02.2023,05.10.2023,798,Phylis,Cutmare,pcutmarem5@exblog.jp,Female,8394,CNY
07.09.2023,04.04.2023,799,Annabela,Gallego,agallegom6@w3.org,Female,6556,EUR
15.08.2023,18.04.2023,800,Winifield,Licciardo,wlicciardom7@ehow.com,Male,5275,MXN
26.01.2023,22.11.2023,801,Barty,Pitrasso,bpitrassom8@jimdo.com,Male,6325,EUR
02.02.2023,31.05.2023,802,Uriah,Quinnette,uquinnettem9@drupal.org,Male,4257,CNY
16.01.2023,25.11.2023,803,Gabriela,Search,gsearchma@addthis.com,Female,4479,CNY
30.09.2023,09.01.2023,804,Chadd,Martlew,cmartlewmb@baidu.com,Male,1620,VND
16.12.2022,24.08.2023,805,Kinna,Gonnin,kgonninmc@ovh.net,Female,7531,BBD
29.11.2023,31.01.2023,806,Lonnard,Capelen,lcapelenmd@gnu.org,Male,1956,CNY
08.10.2023,02.10.2023,807,Fraze,Halleday,fhalledayme@nasa.gov,Male,2052,CNY
28.02.2023,17.11.2023,808,Padraic,Fibbens,pfibbensmf@over-blog.com,Male,4241,MAD
01.07.2023,13.05.2023,809,Arabelle,Watting,awattingmg@usda.gov,Female,3128,PHP
12.01.2023,08.09.2023,810,Jenelle,Batchelder,jbatcheldermh@booking.com,Agender,1314,PLN
09.04.2023,11.10.2023,811,Alfredo,Richmont,arichmontmi@squarespace.com,Male,7630,USD
22.02.2023,06.09.2023,812,Viv,Ioselev,vioselevmj@bloomberg.com,Female,9650,CAD
10.06.2023,16.04.2023,813,Bud,Plumbe,bplumbemk@netvibes.com,Male,7407,CNY
06.05.2023,16.11.2023,814,Beryle,Rallin,brallinml@odnoklassniki.ru,Female,4453,SEK
28.08.2023,17.06.2023,815,Arny,Creenan,acreenanmm@cdc.gov,Male,3173,RUB
15.11.2023,03.09.2023,816,Brynna,Basnett,bbasnettmn@ucsd.edu,Female,5948,GMD
26.03.2023,02.09.2023,817,Peyter,Linsay,plinsaymo@howstuffworks.com,Male,1394,EUR
05.01.2023,29.09.2023,818,Bonny,Rings,bringsmp@yale.edu,Female,9444,VND
27.01.2023,25.07.2023,819,Laryssa,Kinge,lkingemq@jimdo.com,Genderqueer,7618,USD
04.05.2023,24.07.2023,820,Kathe,Woodwin,kwoodwinmr@eepurl.com,Female,7872,EUR
17.10.2023,20.06.2023,821,Karney,Blackstock,kblackstockms@tiny.cc,Male,4799,EUR
27.11.2023,09.05.2023,822,Thatch,Scales,tscalesmt@apple.com,Male,9316,BRL
14.11.2023,14.06.2023,823,Muffin,Castleman,mcastlemanmu@mail.ru,Male,1056,BRL
11.11.2023,18.03.2023,824,Dorita,Conley,dconleymv@netscape.com,Female,9295,SEK
13.05.2023,20.01.2023,825,Elana,Vassbender,evassbendermw@wufoo.com,Female,2795,CNY
05.05.2023,05.07.2023,826,Redford,Chat,rchatmx@ovh.net,Male,4631,SLL
21.01.2023,11.01.2023,827,Kelsey,Copnar,kcopnarmy@ycombinator.com,Genderfluid,8118,IDR
08.04.2023,14.11.2023,828,Codie,Dwane,cdwanemz@blog.com,Female,4937,EUR
16.08.2023,05.04.2023,829,Charlton,Heinemann,cheinemannn0@privacy.gov.au,Male,4196,CNY
08.05.2023,31.07.2023,830,Erhart,MacAindreis,emacaindreisn1@prlog.org,Male,8247,CDF
12.01.2023,30.06.2023,831,Bonni,Jacobsz,bjacobszn2@bluehost.com,Female,5810,PEN
19.05.2023,24.11.2023,832,Barris,Pentelo,bpentelon3@a8.net,Male,2794,PLN
04.01.2023,19.10.2023,833,Lodovico,Moorhouse,lmoorhousen4@goo.ne.jp,Male,8862,PLN
11.08.2023,26.01.2023,834,Urbanus,Birtle,ubirtlen5@seesaa.net,Male,9406,THB
05.07.2023,31.12.2022,835,Emlyn,McSporrin,emcsporrinn6@hibu.com,Male,8675,IDR
20.01.2023,30.03.2023,836,Yvonne,Haug,yhaugn7@shinystat.com,Female,8636,TND
14.12.2022,01.03.2023,837,Adams,Hambleton,ahambletonn8@google.pl,Male,4088,XAF
28.11.2023,23.10.2023,838,Hammad,Porcas,hporcasn9@mail.ru,Male,8451,RUB
09.10.2023,02.08.2023,839,Zsa zsa,Kemm,zkemmna@yellowpages.com,Female,3411,CNY
30.12.2022,24.08.2023,840,Liesa,Abramovicz,labramovicznb@51.la,Female,6167,RUB
11.09.2023,27.11.2023,841,Seamus,Ingon,singonnc@google.de,Male,9842,IDR
30.10.2023,06.07.2023,842,Trina,Haylands,thaylandsnd@youku.com,Female,2380,UAH
11.12.2022,30.11.2022,843,Elvin,Miskelly,emiskellyne@reddit.com,Non-binary,5598,IDR
05.08.2023,29.07.2023,844,Shane,Woodworth,swoodworthnf@is.gd,Male,9146,CZK
03.11.2023,12.02.2023,845,Hans,Beagen,hbeagenng@github.io,Agender,2636,TND
02.01.2023,04.03.2023,846,Terese,Wheeldon,twheeldonnh@google.co.uk,Female,9938,IDR
08.07.2023,12.01.2023,847,Haleigh,Burghall,hburghallni@wikia.com,Female,4428,CNY
28.10.2023,14.02.2023,848,Hort,Tzuker,htzukernj@macromedia.com,Male,1888,XOF
20.08.2023,10.01.2023,849,Ian,Domingues,idominguesnk@theguardian.com,Male,6987,CNY
02.09.2023,12.05.2023,850,Alli,Rogers,arogersnl@posterous.com,Female,1131,EUR
02.10.2023,07.10.2023,851,Orsola,MacDermid,omacdermidnm@ebay.com,Female,7365,CNY
23.03.2023,20.05.2023,852,Onfre,Werlock,owerlocknn@fda.gov,Male,8551,IDR
25.01.2023,23.06.2023,853,Ewen,Hamblin,ehamblinno@tripadvisor.com,Male,6468,CNY
02.02.2023,21.04.2023,854,Pavla,Foro,pforonp@freewebs.com,Polygender,8350,RUB
25.07.2023,25.09.2023,855,Griffy,Hindmore,ghindmorenq@va.gov,Male,7385,CNY
29.01.2023,29.05.2023,856,Joaquin,Meacher,jmeachernr@simplemachines.org,Male,2633,USD
24.05.2023,08.04.2023,857,Dominick,Stuckley,dstuckleyns@prweb.com,Male,9881,RUB
22.10.2023,29.04.2023,858,Mohammed,Dorot,mdorotnt@theatlantic.com,Male,7374,CNY
26.08.2023,07.11.2023,859,Lenard,McCurtin,lmccurtinnu@woothemes.com,Male,8404,EUR
18.03.2023,15.06.2023,860,Sol,Kirlin,skirlinnv@ow.ly,Agender,3520,CNY
15.01.2023,09.08.2023,861,Anthiathia,Poulden,apouldennw@merriam-webster.com,Female,5659,EUR
19.08.2023,03.02.2023,862,Loren,Hubber,lhubbernx@europa.eu,Male,4290,TND
05.11.2023,24.04.2023,863,Dix,Gristwood,dgristwoodny@acquirethisname.com,Female,7508,CNY
06.12.2022,03.03.2023,864,Teador,MacDearmont,tmacdearmontnz@narod.ru,Male,8006,CNY
21.07.2023,17.06.2023,865,Fernanda,Filgate,ffilgateo0@wisc.edu,Bigender,1735,CNY
01.01.2023,10.02.2023,866,Cozmo,Iliffe,ciliffeo1@rakuten.co.jp,Male,7046,IDR
01.02.2023,18.01.2023,867,Kaspar,Harrington,kharringtono2@youtube.com,Male,7871,NGN
23.04.2023,31.07.2023,868,Edlin,Bunce,ebunceo3@google.de,Genderqueer,1632,CNY
12.10.2023,30.12.2022,869,Pierre,Valentelli,pvalentellio4@constantcontact.com,Male,6007,ARS
01.08.2023,17.01.2023,870,Jackquelin,Carradice,jcarradiceo5@qq.com,Female,1223,EUR
26.07.2023,15.03.2023,871,Livvyy,Bilbee,lbilbeeo6@alexa.com,Female,7370,EUR
01.10.2023,28.09.2023,872,Ruttger,Godmar,rgodmaro7@wikimedia.org,Male,7769,ARS
10.05.2023,04.11.2023,873,Jefferey,Arger,jargero8@bandcamp.com,Male,4356,MAD
01.02.2023,05.07.2023,874,Demeter,Franklin,dfranklino9@unesco.org,Female,5750,SEK
24.08.2023,05.05.2023,875,Sylas,Seary,ssearyoa@indiegogo.com,Male,1330,CNY
07.08.2023,01.04.2023,876,Lawry,Spoole,lspooleob@irs.gov,Male,5799,THB
27.12.2022,31.03.2023,877,Armin,Simco,asimcooc@yellowbook.com,Male,7332,EUR
25.04.2023,01.02.2023,878,Rogerio,Shernock,rshernockod@flavors.me,Male,1062,MXN
21.03.2023,10.07.2023,879,Astrix,Reedie,areedieoe@multiply.com,Female,4966,PEN
14.07.2023,03.07.2023,880,Brit,Earley,bearleyof@last.fm,Female,2601,BYR
11.05.2023,03.08.2023,881,Agnes,Fattori,afattoriog@xrea.com,Female,3425,LSL
21.06.2023,27.09.2023,882,Benito,Shirrell,bshirrelloh@msu.edu,Male,7783,EUR
28.08.2023,21.02.2023,883,Brendon,Venart,bvenartoi@usda.gov,Male,2667,PEN
15.01.2023,01.12.2022,884,Garrot,Patershall,gpatershalloj@smugmug.com,Male,9323,VEF
29.03.2023,21.12.2022,885,Sergent,Greenslade,sgreensladeok@freewebs.com,Male,8571,AFN
18.03.2023,11.09.2023,886,Callie,Gunthorp,cgunthorpol@craigslist.org,Female,3223,CNY
23.06.2023,05.08.2023,887,Patsy,Le Batteur,plebatteurom@craigslist.org,Male,8884,PHP
05.07.2023,22.11.2023,888,Daniel,Jinkin,djinkinon@home.pl,Male,7311,UZS
02.04.2023,12.07.2023,889,Kory,Deverille,kdeverilleoo@opensource.org,Male,2328,CZK
27.09.2023,15.06.2023,890,Meredith,Huygens,mhuygensop@typepad.com,Male,8023,PHP
14.09.2023,24.11.2023,891,Audrey,Layus,alayusoq@ask.com,Female,2680,CNY
12.12.2022,28.09.2023,892,Vivien,Chmiel,vchmielor@columbia.edu,Female,5457,IDR
04.04.2023,18.04.2023,893,Banky,Martt,bmarttos@harvard.edu,Male,9681,RUB
11.04.2023,11.02.2023,894,Melly,de Werk,mdewerkot@fc2.com,Female,8665,MNT
22.06.2023,07.04.2023,895,Forrester,Alban,falbanou@time.com,Male,2526,EUR
13.09.2023,27.05.2023,896,Antonetta,Riddington,ariddingtonov@who.int,Female,5830,EUR
26.11.2023,02.09.2023,897,Ericka,Maren,emarenow@chronoengine.com,Female,1407,NIO
01.09.2023,02.09.2023,898,Norby,Bednall,nbednallox@friendfeed.com,Male,5467,RUB
01.08.2023,02.09.2023,899,Gianna,Luckes,gluckesoy@skyrock.com,Female,3329,CNY
25.03.2023,26.08.2023,900,Patrice,Grelka,pgrelkaoz@google.co.uk,Bigender,2208,XOF
15.08.2023,11.06.2023,901,Merrill,Storek,mstorekp0@cargocollective.com,Male,9671,PHP
19.07.2023,02.12.2022,902,Hugibert,Downe,hdownep1@cam.ac.uk,Male,2109,BDT
06.05.2023,18.08.2023,903,Kelsey,Pentycost,kpentycostp2@dailymotion.com,Male,7385,EUR
10.04.2023,22.10.2023,904,Cornie,Penwarden,cpenwardenp3@cloudflare.com,Male,6688,MAD
27.10.2023,28.02.2023,905,Charisse,Mankor,cmankorp4@flavors.me,Female,5711,PHP
30.10.2023,16.05.2023,906,Arvin,Burbank,aburbankp5@washington.edu,Bigender,7055,CNY
10.07.2023,12.02.2023,907,Pierrette,Borland,pborlandp6@usatoday.com,Female,5608,CAD
06.03.2023,07.02.2023,908,Neron,Clemow,nclemowp7@nsw.gov.au,Male,9708,AMD
25.04.2023,26.08.2023,909,Baron,Snibson,bsnibsonp8@netvibes.com,Male,9713,EUR
24.08.2023,07.04.2023,910,Rasia,Orlton,rorltonp9@printfriendly.com,Female,4174,EUR
30.12.2022,29.01.2023,911,Jeth,Crisford,jcrisfordpa@illinois.edu,Male,1354,DKK
21.12.2022,19.10.2023,912,Davin,Massard,dmassardpb@exblog.jp,Male,8058,EUR
07.12.2022,30.04.2023,913,Rand,Baptista,rbaptistapc@wufoo.com,Male,4289,RUB
08.10.2023,22.09.2023,914,Wilow,Winspurr,wwinspurrpd@yelp.com,Female,7171,PHP
26.10.2023,29.06.2023,915,Georg,Snowding,gsnowdingpe@weather.com,Male,1539,CNY
24.06.2023,29.08.2023,916,Kelly,Crossby,kcrossbypf@phoca.cz,Male,6651,CNY
07.04.2023,26.03.2023,917,Minette,Paggitt,mpaggittpg@sciencedirect.com,Non-binary,9912,CNY
03.03.2023,02.10.2023,918,Antonie,Haggata,ahaggataph@ocn.ne.jp,Bigender,9612,BRL
02.10.2023,13.12.2022,919,Netti,Moxstead,nmoxsteadpi@abc.net.au,Female,9657,CNY
20.07.2023,20.12.2022,920,Egbert,Renyard,erenyardpj@slashdot.org,Male,1825,IDR
03.04.2023,24.03.2023,921,Archibold,Soeiro,asoeiropk@usa.gov,Male,9249,RUB
09.01.2023,21.05.2023,922,Tallie,Bamber,tbamberpl@businessweek.com,Female,3933,ARS
27.01.2023,14.11.2023,923,Wald,Hazley,whazleypm@guardian.co.uk,Male,2292,BRL
26.06.2023,31.05.2023,924,Joshua,Honeyghan,jhoneyghanpn@whitehouse.gov,Male,1365,UAH
05.11.2023,16.11.2023,925,Murvyn,Pescott,mpescottpo@intel.com,Male,6838,GTQ
20.01.2023,08.01.2023,926,Margaret,Chivrall,mchivrallpp@aboutads.info,Female,6999,EUR
27.06.2023,28.01.2023,927,Keslie,Grzeszczyk,kgrzeszczykpq@theguardian.com,Female,5361,ILS
20.08.2023,05.07.2023,928,Lorin,Conlaund,lconlaundpr@arizona.edu,Male,6647,EUR
23.10.2023,16.12.2022,929,Wainwright,Chetham,wchethamps@yolasite.com,Male,7790,PLN
10.03.2023,02.08.2023,930,Sarita,Condit,sconditpt@rakuten.co.jp,Female,7556,CNY
03.07.2023,13.08.2023,931,Nigel,Cartman,ncartmanpu@google.com,Male,4123,XAF
01.12.2022,05.08.2023,932,Julienne,Sidary,jsidarypv@edublogs.org,Genderfluid,7888,BRL
23.06.2023,28.05.2023,933,Garth,Stannard,gstannardpw@arizona.edu,Male,4744,IDR
01.09.2023,14.04.2023,934,Elana,Flooks,eflookspx@accuweather.com,Female,8911,MMK
04.10.2023,16.04.2023,935,Adler,Ferraro,aferraropy@guardian.co.uk,Male,8038,CNY
05.04.2023,22.04.2023,936,Fredric,Towner,ftownerpz@canalblog.com,Male,9335,EUR
16.08.2023,29.09.2023,937,Hazel,Mallinar,hmallinarq0@unesco.org,Female,1379,CAD
14.10.2023,09.04.2023,938,Horten,Comberbach,hcomberbachq1@house.gov,Male,6383,CNY
19.05.2023,15.11.2023,939,Stewart,Gouck,sgouckq2@devhub.com,Male,5429,HRK
20.07.2023,14.05.2023,940,Lorianna,Haquard,lhaquardq3@blogger.com,Female,6703,PHP
13.11.2023,24.05.2023,941,Bear,Jobling,bjoblingq4@fema.gov,Male,8700,CNY
30.12.2022,15.10.2023,942,Pammy,Alban,palbanq5@sohu.com,Female,9043,RUB
09.05.2023,13.09.2023,943,Lanette,Whether,lwhetherq6@sciencedirect.com,Female,2155,THB
03.12.2022,16.02.2023,944,Jedidiah,Looney,jlooneyq7@scientificamerican.com,Male,3710,KZT
04.11.2023,31.10.2023,945,Sawyere,Jeenes,sjeenesq8@lycos.com,Male,8550,IDR
19.04.2023,27.08.2023,946,Trixi,Vreiberg,tvreibergq9@uol.com.br,Female,4077,USD
17.02.2023,03.04.2023,947,Claretta,Leving,clevingqa@flickr.com,Female,2061,EUR
19.08.2023,09.11.2023,948,Ron,Checchi,rchecchiqb@salon.com,Male,4534,EUR
23.01.2023,29.12.2022,949,Skip,Emer,semerqc@surveymonkey.com,Male,9908,CNY
19.07.2023,03.05.2023,950,Pavel,Beauman,pbeaumanqd@cyberchimps.com,Male,9311,PHP
08.04.2023,15.05.2023,951,Dwight,Boutwell,dboutwellqe@ovh.net,Male,4142,IDR
26.08.2023,15.08.2023,952,Loleta,Flindall,lflindallqf@webeden.co.uk,Female,9708,CNY
25.04.2023,08.11.2023,953,Maure,Helgass,mhelgassqg@wikimedia.org,Female,1214,UGX
01.08.2023,24.09.2023,954,Donall,Cruce,dcruceqh@histats.com,Agender,2641,ILS
19.01.2023,14.02.2023,955,Gare,Duprey,gdupreyqi@ifeng.com,Male,6052,BYR
17.02.2023,30.09.2023,956,Simeon,Kagan,skaganqj@newsvine.com,Male,4975,PHP
02.03.2023,22.08.2023,957,Lowe,Ellesworth,lellesworthqk@mlb.com,Male,3703,IDR
27.08.2023,21.12.2022,958,Raffarty,Ottosen,rottosenql@forbes.com,Male,4811,RUB
08.02.2023,31.03.2023,959,Burlie,Rostern,brosternqm@smh.com.au,Male,6060,CNY
03.12.2022,08.12.2022,960,Dyane,Mazin,dmazinqn@paypal.com,Female,8321,PLN
10.12.2022,12.10.2023,961,Rowena,Stokey,rstokeyqo@domainmarket.com,Female,6736,IRR
11.09.2023,07.11.2023,962,Kaiser,Paler,kpalerqp@google.ca,Agender,2708,IDR
18.04.2023,21.04.2023,963,Westbrook,Langran,wlangranqq@cbc.ca,Male,7127,HRK
11.08.2023,22.04.2023,964,Denna,Baniard,dbaniardqr@posterous.com,Female,9504,CNY
07.09.2023,05.12.2022,965,Hulda,Pindell,hpindellqs@pcworld.com,Female,1784,KRW
07.06.2023,03.06.2023,966,Zebulon,Dupree,zdupreeqt@prlog.org,Male,1860,RUB
05.08.2023,14.01.2023,967,Bird,MacIver,bmaciverqu@vk.com,Female,4178,USD
04.06.2023,16.06.2023,968,Maribelle,Pipe,mpipeqv@trellian.com,Bigender,6314,CNY
07.02.2023,11.01.2023,969,Bordy,Challice,bchalliceqw@nba.com,Male,9032,RUB
30.08.2023,20.03.2023,970,Jerri,Twamley,jtwamleyqx@nyu.edu,Male,6852,CUP
01.12.2022,20.05.2023,971,Ethelind,Wild,ewildqy@gmpg.org,Female,9886,CZK
25.10.2023,26.01.2023,972,Vanya,Haney`,vhaneyqz@boston.com,Female,1018,PEN
17.03.2023,13.02.2023,973,Cinnamon,Biaggiotti,cbiaggiottir0@baidu.com,Female,7308,CNY
12.03.2023,21.12.2022,974,Cyndi,Chiplin,cchiplinr1@tuttocitta.it,Female,7478,SEK
27.09.2023,27.11.2023,975,Aubert,Wellbelove,awellbelover2@wordpress.org,Male,8494,IDR
10.08.2023,12.07.2023,976,Karim,Robotham,krobothamr3@senate.gov,Male,7395,ARS
18.02.2023,09.09.2023,977,Lorraine,Sutworth,lsutworthr4@mit.edu,Female,3273,RSD
19.12.2022,06.03.2023,978,Lorinda,Thomke,lthomker5@google.ru,Female,3436,USD
30.11.2022,09.07.2023,979,Gaile,Lorand,glorandr6@npr.org,Genderqueer,4985,ZWL
04.10.2023,28.01.2023,980,Geno,Dunne,gdunner7@ihg.com,Male,3524,CNY
11.02.2023,19.09.2023,981,Adore,Stockport,astockportr8@networksolutions.com,Female,5680,CAD
06.11.2023,01.12.2022,982,Marshall,Maletratt,mmaletrattr9@google.com.au,Non-binary,7735,EUR
05.03.2023,30.01.2023,983,Kearney,Thornthwaite,kthornthwaitera@loc.gov,Bigender,6578,BRL
05.06.2023,20.03.2023,984,Cristie,Gunstone,cgunstonerb@ebay.com,Female,8409,OMR
25.04.2023,26.05.2023,985,Letty,Bluett,lbluettrc@fc2.com,Female,7861,GTQ
25.04.2023,06.11.2023,986,Alene,Axcell,aaxcellrd@independent.co.uk,Female,6403,IDR
20.08.2023,18.09.2023,987,Madeline,Stonehouse,mstonehousere@naver.com,Female,5642,JPY
22.05.2023,15.10.2023,988,Sally,Burriss,sburrissrf@utexas.edu,Non-binary,6585,CNY
14.02.2023,04.01.2023,989,Hewe,Cabel,hcabelrg@nydailynews.com,Male,1476,COP
18.12.2022,10.07.2023,990,Caren,Weiser,cweiserrh@example.com,Female,1396,CZK
06.05.2023,24.02.2023,991,Lorna,Cocke,lcockeri@unblog.fr,Female,8520,KZT
28.08.2023,15.07.2023,992,Perle,Vigrass,pvigrassrj@about.me,Female,4764,CNY
24.05.2023,15.11.2023,993,Lurline,Southouse,lsouthouserk@aol.com,Female,5992,RUB
07.04.2023,27.04.2023,994,Osbourne,Leist,oleistrl@fema.gov,Male,9183,IDR
03.11.2023,13.12.2022,995,Clywd,Carvell,ccarvellrm@nyu.edu,Genderqueer,2670,CNY
18.08.2023,02.05.2023,996,Claybourne,Inch,cinchrn@spotify.com,Male,7761,PHP
18.07.2023,21.11.2023,997,Base,Shmyr,bshmyrro@cam.ac.uk,Male,4671,CZK
18.03.2023,31.12.2022,998,Nicholas,Daley,ndaleyrp@edublogs.org,Male,6967,CNY
14.05.2023,05.04.2023,999,Phaidra,Tomkowicz,ptomkowiczrq@meetup.com,Female,9304,PLN
31.12.2022,19.10.2023,1000,Sasha,Freddi,sfreddirr@infoseek.co.jp,Genderqueer,3064,BRL
